city,country,Timezone
Aberdeen,United States,America/New_York
Aberdeen,United States,America/Chicago
Abilene,United States,America/Chicago
Abilene,United States,America/Chicago
Ada,United States,America/Chicago
Adak Island,United States,America/Adak
Addison,United States,America/Chicago
Agana,United States,\N
Agua Dulce,United States,\N
Aiken,United States,America/New_York
Akhiok,United States,America/Anchorage
Akiachak,United States,America/Anchorage
Akiak,United States,America/Anchorage
Akron,United States,America/New_York
Akron,United States,America/New_York
Akron,United States,America/Denver
Akutan,United States,America/Anchorage
Alabaster,United States,America/Chicago
Alakanuk,United States,America/Anchorage
Alameda,United States,America/Los_Angeles
Alamogordo,United States,America/Denver
Alamogordo,United States,America/Denver
Alamosa,United States,America/Denver
Albany,United States,America/New_York
Albany,United States,America/New_York
Albany,United States,America/New_York
Albany OR,United States,\N
Albion,United States,\N
Albuquerque,United States,America/Denver
Albuquerque,United States,America/Denver
Aleknagik,United States,America/Anchorage
Alexander City,United States,\N
Alexandria,United States,America/Chicago
Alexandria,United States,America/Chicago
Alexandria,United States,America/New_York
Alexandria,United States,\N
Alice,United States,America/Chicago
Allakaket,United States,America/Anchorage
Allentown,United States,America/New_York
Allentown,United States,America/New_York
Alliance,United States,America/Denver
Alliance,United States,America/New_York
Alpena,United States,America/New_York
Alpine,United States,\N
Alton/St Louis,United States,\N
Altoona,United States,America/New_York
Altoona,United States,America/New_York
Altus,United States,America/Chicago
Amarillo,United States,America/Chicago
Ambler,United States,America/Anchorage
Americus,United States,America/New_York
Amherst MA,United States,America/New_York
Amook Bay,United States,America/Anchorage
Amsterdam,United States,\N
Anacortes,United States,America/Los_Angeles
Anacortes,United States,America/Los_Angeles
Anaheim,United States,\N
Anaktuvuk Pass,United States,America/Anchorage
Anchorage,United States,America/Anchorage
Anchorage,United States,America/Anchorage
Anchorage,United States,America/Anchorage
Anchorage,United States,America/Anchorage
Anchorage,United States,America/Anchorage
Anchorage Alaska,United States,America/Anchorage
Andalusia,United States,\N
Andersen,United States,America/New_York
Angleton,United States,America/Chicago
Angola,United States,America/New_York
Angoon,United States,America/Anchorage
Aniak,United States,America/Anchorage
Ankeny,United States,America/Chicago
Ann Arbor,United States,America/New_York
Ann Arbor,United States,America/New_York
Annapolis,United States,America/New_York
Annapolis,United States,America/New_York
Annette Island,United States,America/Anchorage
Anniston,United States,America/Chicago
Anoka,United States,America/Chicago
Anvik,United States,America/Anchorage
Apalachicola,United States,America/New_York
Apple River,United States,America/Chicago
Appleton,United States,America/Chicago
Arcadia,United States,America/New_York
Arcata CA,United States,America/Los_Angeles
Arco,United States,\N
Arctic Village,United States,America/Anchorage
Ardmore,United States,America/Chicago
Ardmore,United States,America/New_York
Arlington,United States,America/Chicago
Arlington,United States,\N
Arlington,United States,\N
Arlington,United States,\N
Asheboro,United States,\N
Asheville,United States,America/New_York
Asheville,United States,America/New_York
Ashland,United States,America/New_York
Ashland,United States,America/New_York
Aspen,United States,America/Denver
Astoria,United States,America/Los_Angeles
Athens,United States,America/New_York
Athens,United States,America/New_York
Athens,United States,America/New_York
Atherton,United States,\N
Atka,United States,America/Adak
Atlanta,United States,America/New_York
Atlanta,United States,America/New_York
Atlanta,United States,America/New_York
Atlanta,United States,America/New_York
Atlanta,United States,America/New_York
Atlanta,United States,\N
Atlanta,United States,\N
Atlanta,United States,\N
Atlantic City,United States,America/New_York
Atlantic City NJ,United States,America/New_York
Atlantic Ocean,United States,\N
Atmautluak,United States,America/Anchorage
Atmautluak,United States,America/Anchorage
Atmautluak,United States,America/Anchorage
Atmautluak,United States,America/Anchorage
Atqasuk,United States,America/Anchorage
Attleboro,United States,\N
Auburn,United States,America/Chicago
Augusta,United States,America/New_York
Augusta,United States,America/New_York
Augusta,United States,\N
Aurora,United States,\N
Austin,United States,America/Chicago
Austin,United States,America/Chicago
Austin TX,United States,America/Chicago
Avon Park,United States,America/New_York
Bagdad,United States,America/Phoenix
Bainbridge,United States,America/New_York
Bainbridge Island,United States,America/Los_Angeles
Baker City,United States,\N
Bakersfield,United States,America/Los_Angeles
Bakersfield,United States,America/Los_Angeles
Ballston Spa,United States,America/New_York
Baltimore,United States,America/New_York
Baltimore,United States,America/New_York
Baltimore,United States,America/New_York
Baltimore,United States,America/New_York
Baltimore,United States,America/New_York
Baltimore,United States,\N
Bamberg,United States,America/New_York
Bangor,United States,America/New_York
Banning,United States,\N
Bar Harbor,United States,America/New_York
Bar Harbor ME,United States,America/New_York
Baraboo,United States,America/Chicago
Barking Sands,United States,Pacific/Honolulu
Barnstable,United States,America/New_York
Barnstable,United States,\N
Barnstable,United States,\N
Barrow,United States,America/Anchorage
Barter Island,United States,America/Anchorage
Bartow,United States,America/New_York
Batavia,United States,America/New_York
Baton Rouge,United States,America/Chicago
Battle Creek,United States,America/New_York
Battle Creek,United States,\N
Battle Mountain,United States,\N
Baudette,United States,America/Chicago
Bay City,United States,\N
Beaufort,United States,America/New_York
Beaumont,United States,America/Chicago
Beaumont,United States,America/Chicago
Beaver,United States,America/Anchorage
Beaver Falls,United States,America/New_York
Beaver Island,United States,America/New_York
Beckley,United States,America/New_York
Bedford,United States,America/New_York
Bedford,United States,America/New_York
Belle Galdes,United States,America/New_York
Belleville,United States,America/Chicago
Bellingham,United States,America/Los_Angeles
Bellingham,United States,\N
Bellwood,United States,\N
Belmont,United States,\N
Bemidji,United States,America/Chicago
Bend,United States,America/Los_Angeles
Benton,United States,\N
Benton Harbor,United States,America/New_York
Bentonville,United States,America/Chicago
Bentonville,United States,\N
Berkeley,United States,\N
Berkeley,United States,\N
Bessemer,United States,America/Chicago
Bethel,United States,America/Anchorage
Bethpage,United States,\N
Bettles,United States,America/Anchorage
Beverly,United States,America/New_York
Beverly,United States,\N
Beverly,United States,\N
Beverly,United States,\N
Big Bear,United States,America/Los_Angeles
Big Mountain,United States,America/Anchorage
Big Piney,United States,\N
Big Timber,United States,America/Denver
Billings,United States,America/Denver
Biloxi,United States,America/Chicago
Binghamton,United States,America/New_York
Binghamton,United States,America/New_York
Birmingham,United States,America/Chicago
Birmingham,United States,\N
Bishop,United States,\N
Bishop,United States,\N
Bismarck,United States,America/Chicago
Blake Knolls,United States,\N
Blakely Island,United States,America/Los_Angeles
Block Island,United States,America/New_York
Bloomington,United States,America/Chicago
Bloomington,United States,America/New_York
Bloomington,United States,\N
Blue Canyon,United States,\N
Bluefield,United States,America/New_York
Blythe,United States,America/Los_Angeles
Blytheville,United States,America/Chicago
Boca Raton,United States,America/New_York
Boca Raton,United States,\N
Bois Blanc Island,United States,\N
Bois Blanc Island,United States,\N
Boise,United States,America/Denver
Bolingbrook,United States,America/Chicago
Borrego Springs,United States,America/Los_Angeles
Boston,United States,America/New_York
Boston,United States,America/New_York
Boston,United States,America/New_York
Boston,United States,America/New_York
Boston,United States,America/New_York
Boulder,United States,America/Denver
Boulder City,United States,America/Phoenix
Bountiful,United States,\N
Bowling Green,United States,America/Chicago
Boynton Beach,United States,\N
Bozeman,United States,America/Denver
Braceville,United States,America/New_York
Bradford,United States,America/New_York
Bradshaw Field,United States,Pacific/Honolulu
Brady,United States,\N
Brainerd,United States,America/Chicago
Branson,United States,America/Chicago
Breckenridge,United States,America/Chicago
Bremerton,United States,America/Los_Angeles
Bremerton,United States,America/Los_Angeles
Brenham,United States,America/Chicago
Brevard County,United States,America/New_York
Brevig Mission,United States,America/Anchorage
Brich Creek,United States,America/Anchorage
Bridgeport,United States,America/New_York
Bridgeport,United States,America/New_York
Brigham City,United States,America/Denver
BRISTOL,United States,America/New_York
Brookings,United States,America/Chicago
Brookneal,United States,America/New_York
Brooks Camp,United States,America/Anchorage
Broomfield-CO,United States,America/Denver
Brownsville,United States,America/Chicago
Brownwood,United States,America/Chicago
Brunswick,United States,America/New_York
Brunswick,United States,America/New_York
Brunswick,United States,\N
Bryan,United States,America/Chicago
Bryan,United States,America/New_York
Bryan,United States,\N
Bryce Canyon,United States,America/Denver
Bryson City,United States,America/New_York
Buckeye,United States,America/Phoenix
Buckland,United States,America/Anchorage
Buckley,United States,America/Denver
Bucyrus,United States,America/New_York
Buffalo,United States,America/New_York
Buffalo,United States,America/New_York
Buffalo,United States,America/New_York
Buffalo,United States,\N
Bullhead,United States,America/Phoenix
Burbank,United States,America/Los_Angeles
Burley,United States,\N
Burlingame,United States,\N
Burlingame,United States,\N
Burlington,United States,America/New_York
Burlington,United States,America/Chicago
Burlington,United States,America/New_York
Burlington,United States,America/Chicago
Burns,United States,America/Los_Angeles
Bush Field,United States,America/New_York
Butte,United States,America/Denver
Buzzards Bay,United States,\N
Byron,United States,America/Los_Angeles
Cairo,United States,America/New_York
Caldwell,United States,America/New_York
Calexico,United States,America/Los_Angeles
Calhoun,United States,America/New_York
Camarillo,United States,America/Los_Angeles
Camarillo - CA,United States,\N
Cambria,United States,America/Los_Angeles
Cambridge,United States,America/New_York
Camden,United States,America/New_York
Camdenton,United States,\N
Camp Douglas,United States,America/Chicago
Camp Springs,United States,America/New_York
Canton,United States,America/New_York
Canton,United States,America/New_York
Cape Girardeau,United States,America/Chicago
Cape Lisburne,United States,America/Anchorage
Cape May NJ,United States,America/New_York
Cape Newenham,United States,America/Anchorage
Cape Romanzof,United States,America/Anchorage
Carbondale/Murphysboro,United States,\N
Carefree,United States,America/Phoenix
Caribou,United States,America/New_York
Carle Place,United States,\N
Carlsbad,United States,America/Denver
Carlsbad,United States,America/Los_Angeles
Carrollton,United States,America/New_York
Cartersville,United States,America/New_York
Casa Grande,United States,America/Phoenix
Casper,United States,America/Denver
Catalina Island,United States,America/Los_Angeles
Cedar City,United States,America/Denver
Cedar Key,United States,America/New_York
Cedar Rapids,United States,America/Chicago
Cedarhurst,United States,\N
Cedartown,United States,America/New_York
Central,United States,America/Anchorage
Centralia,United States,\N
Centre,United States,America/Chicago
Chadron,United States,America/Denver
Chalkyitsik,United States,America/Anchorage
Champaign,United States,America/Chicago
Champaign,United States,America/Chicago
Chandler,United States,America/Phoenix
Chantilly,United States,\N
Chanute,United States,\N
Chapel Hill,United States,\N
Charelvoix,United States,America/New_York
Charles City,United States,\N
Charleston,United States,America/New_York
Charleston,United States,America/New_York
CHARLESTON,United States,America/New_York
Charleston,United States,America/New_York
Charlotte,United States,America/New_York
Charlotte,United States,America/New_York
Charlotte,United States,\N
Charlottesville VA,United States,America/New_York
Chatsworth,United States,Australia/Sydney
Chattanooga,United States,America/New_York
Cheboygan,United States,\N
Chefornak,United States,America/Anchorage
Chehalis,United States,America/Los_Angeles
Chelan,United States,\N
Chelsea,United States,\N
Chemehuevi Valley,United States,America/Los_Angeles
Chemult OR,United States,\N
Chenega,United States,America/Anchorage
Cheraw,United States,America/New_York
Cherry Point,United States,America/New_York
Chesterton,United States,\N
Chevak,United States,America/Anchorage
Cheyenne,United States,America/Denver
Chicago,United States,America/Chicago
Chicago,United States,America/Chicago
Chicago,United States,America/Chicago
Chicago,United States,America/Chicago
Chicago,United States,America/Chicago
Chicago,United States,America/Chicago
Chicago,United States,America/Chicago
Chicago,United States,America/Chicago
Chicago,United States,America/Chicago
Chicago,United States,\N
Chicago,United States,\N
Chicago,United States,\N
Chicago,United States,\N
Chicago,United States,\N
Chicago,United States,\N
Chicago,United States,\N
Chicago,United States,\N
Chicago,United States,\N
Chicago,United States,\N
Chicago,United States,\N
Chicago,United States,\N
Chicago-Wheeling,United States,America/Chicago
Chico,United States,America/Los_Angeles
Chicopee Falls,United States,America/New_York
Chignik,United States,America/Anchorage
Chignik,United States,America/Anchorage
Chignik Lagoon,United States,America/Anchorage
Chignik Lake,United States,America/Anchorage
Childress,United States,America/Chicago
Chilton,United States,\N
China Lake,United States,America/Los_Angeles
Chinle,United States,America/Denver
Chino,United States,\N
Chisana,United States,America/Anchorage
Chitina,United States,\N
Christmas Valley,United States,America/Los_Angeles
Chuathbaluk,United States,America/Anchorage
Churchville,United States,America/New_York
Cincinnati,United States,America/New_York
Cincinnati,United States,America/New_York
Cincinnati,United States,America/New_York
Circle,United States,America/Anchorage
Clarksburg,United States,America/New_York
Clarksville,United States,America/Chicago
Clear Lake City,United States,America/Chicago
Clear Mews,United States,America/Anchorage
Clearwater,United States,America/New_York
Clemson,United States,America/New_York
Cleveland,United States,America/New_York
Cleveland,United States,America/New_York
Cleveland,United States,America/New_York
Cleveland,United States,America/New_York
Cleveland,United States,America/New_York
Cleveland,United States,America/New_York
Clewiston,United States,America/New_York
Clinton,United States,America/Chicago
Clinton,United States,America/New_York
Clinton,United States,America/Chicago
Clovis,United States,America/Denver
Clovis,United States,America/Denver
Coatesville,United States,America/New_York
Coco Beach,United States,America/New_York
Cocoa,United States,America/New_York
Cocoa Beach,United States,\N
Cody,United States,America/Denver
Coeur d'Alene,United States,America/Los_Angeles
Coffeyville,United States,\N
Coffman Cove,United States,America/Anchorage
Cold Bay,United States,America/Anchorage
Cold Bay,United States,America/Anchorage
Cold Spring Harbor,United States,\N
Coldfoot,United States,America/Anchorage
Coldwater,United States,America/New_York
Colfax CA,United States,\N
College Station,United States,America/Chicago
Collegeville,United States,\N
Colma,United States,\N
Colombus,United States,America/Chicago
Colorado Springs,United States,America/Denver
Columbia,United States,America/New_York
Columbia,United States,America/Chicago
Columbia,United States,\N
Columbia,United States,\N
Columbus,United States,America/New_York
Columbus,United States,America/New_York
Columbus,United States,America/New_York
Columbus,United States,America/New_York
Columbus,United States,Europe/Budapest
Columbus,United States,\N
Columbus,United States,\N
Columbus Mississippi,United States,America/Chicago
Concord,United States,America/New_York
Concord,United States,America/Los_Angeles
Concord NH,United States,America/New_York
Connellsville,United States,America/New_York
Connellsville,United States,\N
Conroe,United States,America/Chicago
Conway,United States,America/New_York
COOKSON,United States,America/Chicago
Cooldige,United States,America/Phoenix
Copperhead,United States,America/New_York
Cordele,United States,America/New_York
Cordelia,United States,\N
Cordova,United States,America/Anchorage
Cornelia,United States,America/New_York
Corpus Christi,United States,America/Chicago
Corpus Christi,United States,America/Chicago
Cortez,United States,America/Denver
Corvallis,United States,America/Los_Angeles
Cottonwood,United States,America/Phoenix
Cotulla,United States,America/Chicago
Council,United States,America/Anchorage
Council Bluffs,United States,\N
Covington,United States,America/New_York
Craig,United States,America/Anchorage
Crescent City,United States,America/Los_Angeles
Crestview,United States,America/Chicago
Crestview,United States,\N
Crooked Creek,United States,America/Anchorage
Cross City,United States,America/New_York
Crossville,United States,\N
Croton-on-Hudson,United States,\N
Crystal,United States,America/Chicago
Crystal River,United States,America/New_York
Cumberland,United States,America/New_York
Cumberland,United States,\N
Cushing,United States,America/Chicago
Cutbank,United States,America/Denver
Daggett,United States,\N
Dalhart,United States,America/Chicago
Dallas,United States,America/Chicago
Dallas,United States,America/Chicago
DALLAS,United States,America/Chicago
Dallas,United States,America/Chicago
Dallas-Fort Worth,United States,America/Chicago
Dalton,United States,America/New_York
Daly City,United States,\N
Danbury,United States,America/New_York
Dania Beach,United States,America/New_York
Danville,United States,America/Chicago
Danville,United States,America/New_York
Darien,United States,America/New_York
Darlington,United States,America/New_York
Davis,United States,\N
Davis-Woodland-Winters,United States,America/Los_Angeles
Dayton,United States,America/New_York
Dayton,United States,America/New_York
Dayton,United States,America/New_York
Dayton,United States,America/New_York
Daytona Beach,United States,America/New_York
De Kalb,United States,America/Chicago
Deadhorse,United States,America/Anchorage
Dearborn,United States,America/New_York
Death Valley National Park,United States,America/Los_Angeles
Decatur,United States,America/Chicago
Deer Harbor,United States,America/Los_Angeles
Deerfield Beach,United States,America/New_York
Deering,United States,America/Anchorage
DeFuniak Springs,United States,America/Chicago
Del Rio,United States,America/Chicago
Del Rio,United States,America/Chicago
DeLand,United States,America/New_York
DELETE,United States,\N
Dell,United States,America/Denver
Delray Beach,United States,\N
Delta,United States,America/Denver
Delta Junction,United States,America/Anchorage
Delta Junction,United States,America/Anchorage
Deming,United States,\N
Deming,United States,\N
Denali,United States,America/Anchorage
Denali NP,United States,\N
Denton,United States,America/Chicago
Denver,United States,America/Denver
Denver,United States,America/Denver
Denver,United States,America/Denver
Denver,United States,America/Denver
Denver,United States,America/Denver
Denver,United States,\N
Depew,United States,America/New_York
Deridder,United States,America/Chicago
Des Moines,United States,America/Chicago
Destin,United States,America/Chicago
Detroit,United States,America/New_York
Detroit,United States,America/New_York
Detroit,United States,America/New_York
Detroit,United States,America/New_York
Devils Lake,United States,America/Chicago
DICKA,United States,\N
Dickinson,United States,America/Denver
Dillingham,United States,America/Anchorage
Dillingham,United States,Pacific/Honolulu
Dodge City,United States,America/Chicago
Dodge City,United States,\N
Dothan,United States,America/Chicago
Douglas,United States,America/Phoenix
Douglas,United States,America/Phoenix
Douglas,United States,America/New_York
Dover,United States,America/New_York
Dowagiac,United States,America/New_York
Dowagiac,United States,America/New_York
Doylestown,United States,America/New_York
Drummond Island,United States,America/New_York
Dry Tortugas,United States,America/New_York
Dry Tortugas,United States,Africa/Tripoli
Dry Tortugas,United States,Asia/Calcutta
Du Bois,United States,America/New_York
Dublin,United States,America/New_York
Dubuque IA,United States,America/Chicago
Duluth,United States,America/Chicago
Duncan,United States,America/Chicago
Dunkirk,United States,America/New_York
Dunsmuir CA,United States,\N
Durango,United States,America/Denver
Durham,United States,\N
Eagle,United States,America/Denver
Eagle,United States,America/Anchorage
Eagle River,United States,America/Chicago
East Boston,United States,\N
East Chicago,United States,\N
East Glacier,United States,America/Denver
East Northport,United States,\N
East St. Louis,United States,America/Chicago
East Stroudsburg,United States,America/New_York
East Stroudsburg,United States,America/New_York
East Tawas,United States,America/New_York
East Troy,United States,America/Chicago
Easton,United States,America/New_York
Eastover,United States,\N
Eastport,United States,America/New_York
Eastsound,United States,America/Los_Angeles
Eau Claire,United States,America/Chicago
Eden Prairie,United States,America/Chicago
Edgewater,United States,America/New_York
Edwards Afb,United States,America/Los_Angeles
Eek,United States,America/Anchorage
Effingham,United States,America/Chicago
Egegik,United States,America/Anchorage
Ekwok,United States,America/Anchorage
El Cajon,United States,America/Los_Angeles
El Centro,United States,America/Los_Angeles
El Dorado,United States,America/Chicago
El dorado springs,United States,\N
El Monte,United States,\N
El Paso,United States,America/Denver
El Paso,United States,America/Denver
Elba,United States,\N
Elfin Cove,United States,America/Anchorage
Elim,United States,America/Anchorage
Elizabeth City,United States,America/New_York
Elizabethton,United States,America/New_York
Elizabethtown,United States,America/New_York
Elkhart,United States,America/New_York
Elkhart,United States,America/New_York
Elkhart,United States,\N
Elkhart,United States,\N
Elkins,United States,America/New_York
Elko,United States,America/Los_Angeles
Ellicott,United States,America/Denver
Ellijay,United States,America/New_York
Elmhurst,United States,\N
Elmira,United States,America/New_York
Ely,United States,America/Chicago
Ely,United States,America/Los_Angeles
Elyria,United States,America/New_York
Emeryville,United States,America/Los_Angeles
Emmonak,United States,America/Anchorage
Emporia,United States,America/Chicago
Emporia,United States,\N
Endicott,United States,America/New_York
Engelhard,United States,America/New_York
Enid,United States,America/Chicago
Enterprise,United States,\N
Enumclaw,United States,America/Los_Angeles
Ephraim,United States,America/Chicago
Erie,United States,America/New_York
Erie,United States,America/New_York
Escanaba,United States,America/New_York
Eufala,United States,America/Chicago
Eugene,United States,America/Los_Angeles
Eugene,United States,America/Los_Angeles
Eureka,United States,\N
Evanston,United States,America/Denver
Evanston,United States,\N
Evanston,United States,\N
Evanston,United States,\N
Evansville,United States,America/Chicago
Everett,United States,America/Los_Angeles
Everglades,United States,America/New_York
Excursion Inlet,United States,America/Anchorage
Fairbanks,United States,America/Anchorage
Fairbanks,United States,America/Anchorage
Fairbanks,United States,America/Anchorage
Fairfield,United States,America/Los_Angeles
Fairfield,United States,America/New_York
Fairfield,United States,America/New_York
Fallon,United States,America/Los_Angeles
Falmouth,United States,America/New_York
False Pass,United States,America/Anchorage
Far Rockaway,United States,\N
Fargo,United States,America/Chicago
Farmingdale,United States,America/New_York
Farmingdale,United States,\N
Farmington,United States,America/Denver
Fayetteville,United States,America/Chicago
Fayetteville,United States,America/New_York
Fayetteville,United States,\N
Fernandina Beach,United States,America/New_York
Findley,United States,America/New_York
Fitchburg,United States,America/New_York
Fitzgerald,United States,America/New_York
Flagler,United States,America/New_York
Flagler,United States,\N
Flagstaff,United States,America/Phoenix
Flint,United States,America/New_York
Florence,United States,America/New_York
Florence,United States,America/Los_Angeles
Fond du Lac,United States,America/Chicago
Forest Lake,United States,America/Chicago
Fort Belvoir,United States,\N
Fort Benning,United States,America/New_York
Fort Bragg,United States,America/New_York
Fort Bridger,United States,America/Denver
Fort Carson,United States,America/Denver
Fort Collins,United States,America/Denver
Fort Dodge,United States,America/Chicago
Fort Drum,United States,America/New_York
Fort Eustis,United States,America/New_York
Fort Hood,United States,America/Chicago
Fort Huachuca,United States,America/Phoenix
Fort Irwin,United States,America/Los_Angeles
Fort Jefferson - Dry Tortugas,United States,America/New_York
Fort Knox,United States,America/New_York
Fort Lauderdale,United States,America/New_York
Fort Lauderdale,United States,America/New_York
Fort Lauderdale,United States,America/New_York
Fort Lauderdale,United States,America/New_York
Fort Lauderdale,United States,America/New_York
Fort Lauderdale,United States,America/New_York
Fort Leavenworth,United States,America/Chicago
Fort Leonardwood,United States,America/Chicago
Fort Lewis,United States,America/Los_Angeles
Fort Madison,United States,\N
Fort Meade,United States,America/New_York
Fort Myers,United States,America/New_York
Fort Myers,United States,America/New_York
Fort Ord,United States,America/Los_Angeles
Fort Payne,United States,America/Chicago
Fort Pierce,United States,America/New_York
Fort Polk,United States,America/Chicago
Fort Richardson,United States,America/Anchorage
Fort Riley,United States,America/Chicago
Fort Rucker/Ozark,United States,\N
Fort Sheridan,United States,\N
Fort Sill,United States,America/Chicago
Fort Smith,United States,America/Chicago
Fort Stockton,United States,America/Chicago
Fort Wainwright,United States,America/Anchorage
Fort Wainwright,United States,America/Anchorage
Fort Wayne,United States,America/New_York
Fort Wayne,United States,\N
Fort Wayne IN,United States,America/New_York
Fort Worth,United States,America/Chicago
Fort Worth,United States,America/Chicago
Fort Yukon,United States,America/Anchorage
Fostoria,United States,America/New_York
Four Corners,United States,America/Denver
Frankfort,United States,America/New_York
Franklin,United States,America/New_York
Fraser CO,United States,\N
Frederick,United States,America/New_York
Fredericksburg,United States,America/New_York
Fremont,United States,America/New_York
Fremont,United States,\N
Frenchville,United States,America/New_York
Fresno,United States,America/Los_Angeles
Friday Harbor,United States,America/Los_Angeles
Friday Harbor,United States,America/Los_Angeles
Friday Harbor,United States,America/Los_Angeles
Fryeburg,United States,America/New_York
Fullerton,United States,America/Los_Angeles
Funter Bay,United States,America/Anchorage
Gadsden,United States,America/Chicago
Gainesville,United States,America/New_York
Gainesville,United States,America/New_York
Gaithersburg,United States,America/New_York
Galena,United States,America/Anchorage
Galesburg,United States,\N
Galesburg,United States,\N
Galion,United States,America/New_York
Gallup,United States,America/Denver
Galveston,United States,America/Chicago
Galveston,United States,\N
Gambell,United States,America/Anchorage
Garden City,United States,America/Chicago
Garden City,United States,\N
Garden City,United States,\N
Gary,United States,America/Chicago
Gary,United States,\N
Geneva,United States,America/New_York
Geneva,United States,\N
Georgetown,United States,America/New_York
Georgetown,United States,America/New_York
Georgetown,United States,America/New_York
Georgetown,United States,America/Chicago
Gerlach,United States,\N
Ghent,United States,America/New_York
Gila Bend,United States,America/Phoenix
Gillette,United States,America/Denver
Gilman,United States,\N
Gladwin,United States,America/New_York
Glasgow,United States,America/Denver
Glasgow,United States,America/Denver
Glen Ellyn,United States,\N
Glen Park,United States,\N
Glencoe,United States,\N
Glendale,United States,America/Phoenix
Glendive,United States,America/Denver
Glenview,United States,America/Chicago
Glenview,United States,America/Chicago
Glenwood Springs,United States,America/Denver
Gloucester,United States,America/New_York
Gloucester,United States,\N
Gloucester,United States,\N
Golden Glades,United States,America/New_York
Goldsboro,United States,America/New_York
Goldthwaite,United States,America/Chicago
Golovin,United States,America/Anchorage
Goodland,United States,America/Denver
Goodnews Bay,United States,America/Anchorage
Goodyear,United States,America/Phoenix
Granby CO,United States,\N
Grand Canyon,United States,America/Phoenix
Grand Canyon,United States,America/Phoenix
Grand Canyon West,United States,America/Phoenix
Grand Forks,United States,America/Chicago
Grand Island,United States,America/Chicago
Grand Junction,United States,America/Denver
Grand Junction,United States,America/Denver
Grand Marais,United States,America/Chicago
Grand Rapids,United States,America/New_York
Grand Rapids MN,United States,America/Chicago
Grant County Airport,United States,America/Los_Angeles
Grants,United States,America/Denver
Grayling,United States,America/Anchorage
Great Bend,United States,America/Chicago
Great Falls,United States,America/Denver
Great Lakes,United States,\N
Greeley,United States,\N
Green Bay,United States,America/Chicago
Green Cove Springs,United States,America/New_York
Green River,United States,\N
Greencastle,United States,America/New_York
Greenlawn,United States,\N
Greensboro,United States,America/New_York
Greensburg,United States,America/New_York
Greenvile,United States,America/Chicago
Greenville,United States,America/New_York
Greenville,United States,America/Chicago
Greenville,United States,America/New_York
Greenville,United States,\N
Greenville,United States,\N
Greenwich,United States,\N
Greenwood,United States,America/Chicago
Greenwood,United States,America/Chicago
Griffin,United States,America/New_York
Groom Lake,United States,\N
Groton CT,United States,America/New_York
Grove,United States,\N
Grove City,United States,America/New_York
Gualala,United States,America/Los_Angeles
Gulf of Mexico - Noble Sam Croft,United States,\N
Gulf Shores,United States,America/Chicago
Gulfport,United States,America/Chicago
Gulkana,United States,America/Anchorage
Gunnison,United States,America/Denver
Guntersville,United States,\N
Gustavus,United States,America/Anchorage
Guymon,United States,\N
Gwinn,United States,America/New_York
Hagerstown,United States,America/New_York
Hailey,United States,America/Denver
Haines,United States,America/Anchorage
Half Moon Bay,United States,\N
Hamburg,United States,America/New_York
Hamilton,United States,America/New_York
Hamilton,United States,America/Chicago
Hammond,United States,America/Chicago
Hampton,United States,America/New_York
Hampton,United States,America/New_York
Hana,United States,Pacific/Honolulu
Hancock,United States,America/New_York
Hanksville,United States,America/Denver
Harlingen,United States,America/Chicago
Harpers Ferry,United States,\N
Harrisburg,United States,America/New_York
Harrisburg,United States,America/New_York
Harrisburg,United States,America/New_York
Harrisburg,United States,\N
Harrison,United States,America/Chicago
Hartford,United States,America/New_York
Hartford,United States,America/New_York
Hartsville,United States,\N
Hattiesburg,United States,America/Chicago
Hattiesburg/Laurel,United States,America/Chicago
Havre,United States,America/Denver
Havre,United States,America/Denver
Hawthorne,United States,America/Los_Angeles
Hayden,United States,America/Denver
Hays,United States,America/Chicago
Hayward,United States,America/Los_Angeles
Hayward,United States,\N
Hazel Crest,United States,\N
Hazelton,United States,America/New_York
Hazleton,United States,America/New_York
Healy,United States,America/Anchorage
Healy,United States,America/Anchorage
Heber,United States,America/Denver
Helena,United States,America/Denver
Heli 1,United States,\N
Heli 2,United States,\N
Helper UT,United States,\N
Henderson,United States,America/Los_Angeles
Hennepin County,United States,\N
Hennepin County,United States,\N
Hialeah,United States,America/New_York
Hialeah,United States,\N
Hibbing,United States,America/Chicago
Hickory,United States,America/New_York
Hicksville,United States,\N
Highland Park,United States,\N
Highland Park,United States,\N
Highland Park,United States,\N
Highland Park,United States,\N
Highwood,United States,\N
Hillsboro,United States,America/Chicago
Hillsboro,United States,America/Los_Angeles
Hillsdale,United States,\N
Hilo,United States,Pacific/Honolulu
Hilo Hawaii,United States,Pacific/Honolulu
Hilton Head,United States,America/New_York
Hilton Head Island,United States,America/New_York
Hobart,United States,America/Chicago
Hobbs,United States,America/Denver
Holdredge,United States,\N
Holland,United States,America/New_York
Hollis,United States,America/Anchorage
Hollister,United States,America/Vancouver
Hollister,United States,\N
Hollister,United States,\N
Hollywood,United States,America/New_York
Hollywood,United States,America/New_York
Hollywood,United States,America/New_York
Holy Cross,United States,America/Anchorage
Homer,United States,America/Anchorage
Homestead,United States,America/New_York
Homestead,United States,America/New_York
Homewood,United States,\N
Hondo,United States,America/Chicago
Honolulu,United States,Pacific/Honolulu
Honolulu,United States,Pacific/Honolulu
Honolulu Oahu,United States,Pacific/Honolulu
Hoonah,United States,America/Anchorage
Hooper Bay,United States,America/Anchorage
Hopkinsville,United States,America/Chicago
Hoquiam,United States,America/Los_Angeles
Hot Springs,United States,America/Chicago
Houghton,United States,\N
Houghton Lake,United States,America/New_York
Houlton,United States,America/New_York
Houston,United States,America/Chicago
Houston,United States,America/Chicago
Houston,United States,America/Chicago
Houston,United States,America/Chicago
Houston,United States,America/Chicago
Houston,United States,America/Chicago
Hudson,United States,\N
Hudson NY,United States,America/New_York
Hughes,United States,America/Anchorage
Hunter Aaf,United States,America/New_York
Huntingdon,United States,America/New_York
Huntington,United States,America/New_York
Huntington,United States,\N
Huntsville,United States,America/Chicago
Huntsville,United States,America/Chicago
Huntsville,United States,\N
Huron,United States,America/Chicago
Huslia,United States,America/Anchorage
Hutchinson,United States,America/Chicago
Hutchinson,United States,\N
Hydaburg,United States,America/Anchorage
Hyder,United States,America/Vancouver
Icy Bay,United States,America/Anchorage
Idaho Falls,United States,America/Denver
Igiugig,United States,America/Anchorage
Iliamna,United States,America/Anchorage
Immokalee ,United States,America/New_York
Imperial,United States,America/Los_Angeles
Independence,United States,\N
Indian Mountains,United States,America/Anchorage
Indian Springs,United States,America/Los_Angeles
Indianapolis,United States,America/New_York
Indianapolis,United States,America/New_York
Indianapolis,United States,\N
International Falls,United States,America/Chicago
Inwood,United States,\N
Inyokern,United States,America/Los_Angeles
Iowa City,United States,America/Chicago
Iraan,United States,America/Chicago
Iron Mountain,United States,America/Chicago
Ironwood,United States,America/Chicago
Irvine,United States,America/Los_Angeles
Iselin,United States,America/New_York
Isle Royale National Park,United States,\N
Islip,United States,America/New_York
Ithaca,United States,America/New_York
Jackpot,United States,\N
Jacksn Hole,United States,America/Denver
Jackson,United States,America/Chicago
Jackson,United States,America/Chicago
Jackson,United States,America/New_York
Jackson,United States,America/New_York
Jackson,United States,\N
Jacksonville,United States,America/Chicago
Jacksonville,United States,America/New_York
Jacksonville,United States,America/New_York
Jacksonville,United States,America/New_York
Jacksonville,United States,America/New_York
Jacksonville,United States,\N
Jacksonville,United States,\N
Jacksonville NC,United States,America/New_York
Jamestown,United States,America/Chicago
Jamestown,United States,America/New_York
Janesville,United States,America/Chicago
Jasper,United States,America/New_York
Jasper,United States,\N
Jefferson,United States,America/New_York
Jefferson City,United States,America/Chicago
Jekyll Island,United States,America/New_York
Jesup,United States,America/New_York
Johnstown,United States,America/New_York
Johnstown,United States,America/New_York
Johnstown,United States,America/New_York
Joliet,United States,America/Chicago
Joliet,United States,America/Chicago
Jonesboro,United States,America/Chicago
Joplin,United States,America/Chicago
Junction,United States,\N
Juneau,United States,America/Anchorage
Juneau,United States,America/Anchorage
Juneau,United States,America/Anchorage
Kahului,United States,Pacific/Honolulu
Kahului Maui,United States,\N
Kailua Kona Hawaii,United States,Pacific/Honolulu
Kailua-Kona Hawaii,United States,\N
Kaiser Lake Ozark,United States,America/Chicago
Kake,United States,America/Anchorage
Kake,United States,America/Anchorage
Kalamazoo,United States,America/New_York
Kalamazoo,United States,America/New_York
Kalispell,United States,America/Denver
Kalispell,United States,\N
Kalispell,United States,\N
Kalskag,United States,America/Anchorage
Kaltag,United States,America/Anchorage
Kamuela,United States,Pacific/Honolulu
Kaneohe Bay,United States,Pacific/Honolulu
Kankakee,United States,America/Chicago
Kankakee,United States,\N
Kansas City,United States,America/Chicago
Kansas City,United States,America/Chicago
Kansas City,United States,America/Chicago
Kapolei,United States,Pacific/Honolulu
Karluk,United States,America/Anchorage
Kasigluk,United States,America/Anchorage
Katmai National Park ,United States,\N
Kearney,United States,America/Chicago
Keene,United States,America/New_York
Kelso,United States,America/Los_Angeles
Kenai,United States,America/Anchorage
Kendall,United States,America/New_York
Kendall-tamiami,United States,America/New_York
Kenilworth,United States,\N
Kenmore,United States,America/Los_Angeles
Kenosha,United States,America/Chicago
Kenosha,United States,\N
Kent,United States,America/New_York
Keokuk,United States,America/Chicago
Kernville,United States,\N
Kerrville,United States,America/Chicago
Ketchikan,United States,America/Anchorage
Ketchikan,United States,America/Anchorage
Ketchikan,United States,America/Anchorage
Ketchikan ,United States,America/Anchorage
Key West,United States,America/New_York
Key West,United States,America/New_York
Key West,United States,America/New_York
Key West,United States,America/New_York
Keystone,United States,\N
Kiana,United States,America/Anchorage
Kill Devil Hills,United States,America/New_York
Killeen,United States,America/Chicago
King City,United States,\N
King Cove,United States,America/Anchorage
King Salmon,United States,America/Anchorage
Kingman,United States,America/Phoenix
Kings Park,United States,\N
Kingsville,United States,America/Chicago
Kinston,United States,America/New_York
Kipnuk,United States,America/Anchorage
Kirksville,United States,America/Chicago
Kirtland A.f.b.,United States,America/Denver
Kissimmee,United States,America/New_York
Kitoi Bay,United States,America/Anchorage
Kivalina,United States,America/Anchorage
Klamath Falls,United States,America/Los_Angeles
Klawock,United States,America/Anchorage
Klawock,United States,America/Anchorage
Knobnoster,United States,America/Chicago
Knoxville,United States,America/New_York
Knoxville,United States,America/New_York
Kobuk,United States,America/Anchorage
Kodiak,United States,America/Anchorage
Kokomo,United States,\N
Koliganek,United States,America/Anchorage
Kona,United States,Pacific/Honolulu
Kongiganak,United States,America/Anchorage
Kotlik,United States,America/Anchorage
Kotzebue,United States,America/Anchorage
Koyuk,United States,America/Anchorage
Koyukuk,United States,America/Anchorage
Kulik Lake,United States,America/Anchorage
Kuparuk,United States,America/Anchorage
Kwethluk,United States,America/Anchorage
Kwigillingok,United States,America/Anchorage
La Crosse,United States,America/Chicago
La Crosse,United States,\N
La Grande,United States,\N
La Junta,United States,America/Denver
La Junta,United States,\N
La Plata,United States,\N
La Verne,United States,America/Los_Angeles
Lafayette,United States,America/Chicago
Lafayette,United States,America/New_York
LaFayette,United States,America/New_York
Lago Vista,United States,America/Chicago
LaGrange,United States,America/New_York
Lahaina Maui Hawaii,United States,Pacific/Honolulu
Lahania-kapalua,United States,Pacific/Honolulu
Lake Bluff,United States,\N
Lake Charles,United States,America/Chicago
Lake City,United States,America/New_York
Lake Forest,United States,\N
Lake Geneva,United States,America/Chicago
Lake Havasu City,United States,America/Phoenix
Lake Minchumina,United States,America/Anchorage
Lake Placid,United States,America/New_York
Lake Wales,United States,America/New_York
Lake Worth,United States,\N
Lakehurst,United States,America/New_York
Lakeland,United States,America/New_York
Lakeland,United States,America/New_York
Lakeland,United States,\N
Lakeview,United States,America/Los_Angeles
Lakeway,United States,America/Chicago
Lamar,United States,America/Denver
Lamar,United States,\N
Lampasas,United States,\N
Lanai,United States,Pacific/Honolulu
Lancaster,United States,America/New_York
Lancaster,United States,America/New_York
Lancaster,United States,\N
Lancaster,United States,\N
Lansing,United States,America/New_York
Lansing,United States,America/Chicago
Lapeer  MI ,United States,\N
Laramie,United States,America/Denver
Laredo,United States,America/Chicago
Larned,United States,\N
Larsen Bay,United States,America/Anchorage
Las Cruces,United States,America/Denver
Las Vegas,United States,America/Los_Angeles
Las Vegas,United States,America/Los_Angeles
Las Vegas,United States,America/Denver
Las Vegas,United States,America/Los_Angeles
Las Vegas,United States,America/Los_Angeles
Latrobe,United States,America/New_York
Latrobe,United States,America/New_York
Lawrence,United States,America/New_York
Lawrence,United States,America/Chicago
Lawrence,United States,\N
Lawrence,United States,\N
Lawrenceville,United States,America/New_York
Lawton,United States,America/Chicago
Lazy Bay,United States,America/Anchorage
Lebanon,United States,America/New_York
Lebanon,United States,America/Los_Angeles
Lee Vining,United States,\N
Leesburg,United States,America/New_York
Leesburg,United States,\N
Lemoore,United States,America/Los_Angeles
Levelock,United States,America/Anchorage
Lewes DE,United States,America/New_York
Lewisburg,United States,America/New_York
Lewisburg,United States,America/New_York
Lewiston,United States,America/Los_Angeles
Lewiston,United States,America/New_York
Lewiston,United States,America/New_York
Lewiston,United States,America/New_York
Lewistown,United States,America/Denver
Lewistown,United States,America/New_York
Lexington,United States,\N
Lexington KY,United States,America/New_York
Liberal,United States,America/Chicago
Liberty,United States,America/New_York
Lihue,United States,Pacific/Honolulu
Lima,United States,America/New_York
Lincoln,United States,America/Chicago
Lincoln,United States,America/Los_Angeles
Linden,United States,America/New_York
Line Lexington,United States,\N
Lineville,United States,\N
Liskeard,United States,Europe/London
Little Rock,United States,America/Chicago
Live Oak,United States,America/New_York
Livermore,United States,America/Los_Angeles
Livingood,United States,America/Anchorage
Livingston-Montana,United States,America/Denver
Lock Haven,United States,America/New_York
Lockport,United States,America/Chicago
Locust Grove,United States,America/New_York
Logan,United States,America/Denver
Lombard,United States,\N
Lompoc,United States,America/Los_Angeles
Lompoc,United States,America/Los_Angeles
London,United States,America/New_York
London,United States,\N
Lone Rock,United States,America/Chicago
Long Beach,United States,America/Los_Angeles
Long Beach,United States,\N
Long Lake,United States,America/New_York
Longview,United States,America/Chicago
Longview,United States,America/Los_Angeles
Lopez,United States,America/Los_Angeles
Lorain-Elyria,United States,America/New_York
Los Alamos,United States,America/Denver
Los Angeles,United States,America/Los_Angeles
Los Angeles,United States,America/Los_Angeles
Los Angeles,United States,America/Los_Angeles
Los Angeles,United States,America/Los_Angeles
Louisiana,United States,America/Chicago
Louisville,United States,America/New_York
Louisville,United States,America/New_York
Lovelock,United States,\N
Lowell,United States,America/New_York
Lubbock,United States,America/Chicago
Ludington,United States,\N
Ludington,United States,\N
Lufkin,United States,America/Chicago
Lumberton,United States,America/New_York
Luray,United States,America/New_York
Lynchburg,United States,America/New_York
Lynchburg,United States,America/New_York
Lynden,United States,America/Los_Angeles
Lynn,United States,\N
Mackinac Island,United States,America/New_York
Mackinac Island MI,United States,America/New_York
Mackminnville,United States,America/Los_Angeles
Macomb,United States,America/Chicago
Macon,United States,America/Chicago
Macon,United States,America/New_York
Macon,United States,America/New_York
Madera,United States,America/Los_Angeles
Madison,United States,America/Chicago
Madison,United States,America/New_York
Madison,United States,America/New_York
Malad City,United States,America/Denver
Mammoth Lakes,United States,America/Los_Angeles
Manassas,United States,America/New_York
Manchester by the Sea,United States,\N
Manchester NH,United States,America/New_York
Mangonia Park,United States,\N
Manhattan,United States,America/Chicago
Manistee,United States,America/New_York
Manitowoc,United States,\N
Mankato,United States,\N
Manley Hot Springs,United States,America/Anchorage
Manokotak,United States,America/Anchorage
Mansfield,United States,America/New_York
Mansfield,United States,America/New_York
Manteo,United States,America/New_York
Manteo,United States,America/New_York
Maplewood,United States,America/New_York
Marana,United States,America/Phoenix
Marathon,United States,America/New_York
Marco Island Airport,United States,America/New_York
Marfa,United States,\N
Marietta,United States,America/New_York
Marion,United States,America/Chicago
Mariposa,United States,America/Los_Angeles
Marquette,United States,America/New_York
Marshall,United States,America/Anchorage
Marshall,United States,America/New_York
Marshall,United States,Asia/Ulaanbaatar
Marshfield,United States,America/New_York
Marshfield,United States,America/Chicago
Martinsburg,United States,America/New_York
Mary Esther,United States,America/Chicago
Marysville,United States,America/Los_Angeles
Marysville,United States,\N
Mason City,United States,America/Chicago
Massena,United States,America/New_York
Mattawa,United States,America/Los_Angeles
Mattoon,United States,America/Chicago
Mayport,United States,\N
Mazma,United States,\N
Mc Comb,United States,\N
Mc Pherson,United States,\N
Mcalester,United States,America/Chicago
Mcallen,United States,America/Chicago
McCall,United States,America/Denver
McCarthy,United States,America/Anchorage
McComb,United States,\N
McCook,United States,America/Chicago
Mcgrath,United States,America/Anchorage
McKinley Park,United States,America/Anchorage
Meade,United States,\N
Mechanicville,United States,America/New_York
Medford,United States,America/Los_Angeles
Mekoryuk,United States,America/Anchorage
Melbourne,United States,America/New_York
Melrose Park,United States,\N
Melville,United States,\N
Memphis,United States,America/Chicago
Memphis,United States,\N
Mendota,United States,\N
Menlo Park,United States,\N
Merced,United States,America/Los_Angeles
Merced,United States,America/Los_Angeles
Mercury,United States,\N
Meriden,United States,\N
Meridian,United States,America/Chicago
Meridian,United States,America/Chicago
Mesa,United States,America/Phoenix
Mesa,United States,America/Phoenix
Metakatla,United States,America/Anchorage
Mexia,United States,America/Chicago
Miami,United States,America/New_York
Miami,United States,America/New_York
Miami,United States,America/New_York
Miami,United States,America/New_York
Miami,United States,America/New_York
Michigan City,United States,America/Chicago
Michigan City,United States,America/Chicago
Michigan City,United States,America/Chicago
Middletown,United States,America/New_York
Midland,United States,America/Chicago
Miles City,United States,America/Denver
Milford,United States,America/New_York
Millbrae,United States,America/Los_Angeles
Millbrae,United States,\N
Milledgeville,United States,America/New_York
Millington,United States,America/Chicago
Millinocket,United States,America/New_York
Millville,United States,America/New_York
Milton,United States,America/Chicago
Milwaukee,United States,America/Chicago
Milwaukee,United States,America/Chicago
Milwaukee,United States,America/Chicago
Milwaukee,United States,\N
Mineola,United States,\N
Mineral Wells,United States,America/Chicago
Minneapolis,United States,America/Chicago
Minneapolis,United States,\N
Minocqua - Woodruff,United States,America/Chicago
Minot,United States,America/Chicago
Minot,United States,America/Chicago
Minot,United States,America/Chicago
Minto,United States,America/Anchorage
Miramar,United States,America/Los_Angeles
Misquite,United States,America/Chicago
Missoula,United States,America/Denver
Moab,United States,America/Denver
Mobile,United States,America/Chicago
Mobile,United States,America/Chicago
Mobile,United States,America/Phoenix
Mobridge,United States,\N
Modesto,United States,America/Los_Angeles
Mojave,United States,America/Los_Angeles
Moline,United States,America/Chicago
Molokai,United States,Pacific/Honolulu
Molokai,United States,Pacific/Honolulu
Monroe,United States,America/Chicago
Monroe,United States,America/Chicago
Monroeville,United States,America/New_York
Montauk,United States,\N
Monterey,United States,America/Los_Angeles
Montgomery,United States,America/Chicago
MONTGOMERY,United States,America/Chicago
Montgomery,United States,America/New_York
Montgomery,United States,\N
Monticello,United States,\N
Montpelier,United States,America/New_York
Montrose CO,United States,America/Denver
Monument Valley,United States,America/Denver
Morganton,United States,America/New_York
Morgantown,United States,America/New_York
Morgantown,United States,America/New_York
Morristown,United States,America/New_York
Morristown,United States,America/Costa_Rica
Morrisville,United States,America/New_York
Moser Bay,United States,America/Anchorage
Moultrie,United States,America/New_York
Mount Clemens,United States,America/New_York
Mount Holly,United States,America/New_York
Mount Laurel,United States,\N
Mount Pleasant,United States,America/New_York
Mount Pocono,United States,\N
Mount Sterling,United States,\N
Mount Vernon,United States,\N
Mountain Home,United States,America/Denver
Mountain Home,United States,America/Denver
Mountain Home,United States,\N
Mountain View,United States,America/Los_Angeles
Mountain View,United States,America/Los_Angeles
Mountain View,United States,\N
Mountain View,United States,\N
Mountain Village,United States,America/Anchorage
Muir,United States,America/New_York
Muncie,United States,America/New_York
Murrieta,United States,\N
Murrieta-Temecula,United States,America/Los_Angeles
Muscle Shoals,United States,America/Chicago
Muskegon,United States,America/New_York
Muskogee,United States,America/Chicago
Myrtle Beach,United States,America/New_York
Nantucket,United States,America/New_York
Nantucket,United States,\N
Napa,United States,America/Los_Angeles
Napakiak,United States,America/Anchorage
Napaskiak,United States,America/Anchorage
Naperville,United States,\N
Naples,United States,America/New_York
Nappanee ,United States,\N
Nashua,United States,America/New_York
Nashville,United States,America/Chicago
Nawiliwili Kauai Hawaii,United States,Pacific/Honolulu
Needle,United States,\N
Needles,United States,\N
Nelson Lagoon,United States,America/Anchorage
Nenana,United States,\N
Neodesha,United States,\N
New Bedford,United States,America/New_York
New Bern,United States,America/New_York
New Brunswick,United States,America/New_York
New Buffalo,United States,America/New_York
New Carrollton,United States,America/New_York
New Castle,United States,\N
New Haven,United States,America/New_York
New Haven,United States,America/New_York
New Haven,United States,\N
New Hyde Park,United States,\N
New Jersey,United States,\N
New Lenox,United States,America/Chicago
New London,United States,\N
New Orleans,United States,America/Chicago
New Orleans,United States,America/Chicago
New Orleans,United States,America/Chicago
New Orleans,United States,\N
New Orleans,United States,\N
New Orleans,United States,\N
New Orleans,United States,\N
New Orleans,United States,\N
New Orleans,United States,\N
New Orleans,United States,\N
New Philadelpha,United States,America/New_York
New Richmond,United States,\N
New Rochelle,United States,America/New_York
New Stuyahok,United States,America/Anchorage
New York,United States,America/New_York
New York,United States,America/New_York
New York,United States,America/New_York
New York,United States,America/New_York
New York,United States,America/New_York
New York,United States,America/New_York
New York,United States,America/Chicago
New York,United States,America/New_York
NEW YORK,United States,America/New_York
New York,United States,America/New_York
New York,United States,America/New_York
New York,United States,America/New_York
New York,United States,America/New_York
New York,United States,America/New_York
New York,United States,America/New_York
New York,United States,\N
New York,United States,\N
New York,United States,\N
New York,United States,\N
New York,United States,\N
New York,United States,\N
New York,United States,\N
New York,United States,\N
New York,United States,\N
New York,United States,\N
New York,United States,\N
New York City,United States,\N
Newark,United States,America/New_York
Newark,United States,America/New_York
Newberry,United States,America/New_York
Newburgh,United States,America/New_York
Newburyport,United States,America/New_York
Newnan,United States,America/New_York
Newport,United States,America/Los_Angeles
Newport,United States,\N
Newport News,United States,America/New_York
Newport News,United States,America/New_York
Newport RI,United States,America/New_York
Newtok,United States,America/Anchorage
Newton,United States,America/Chicago
Newton,United States,\N
Niagara Falls,United States,America/New_York
Niagara Falls,United States,America/New_York
Nightmute,United States,America/Anchorage
Nikolai,United States,America/Anchorage
Nikolski,United States,America/Anchorage
Niles,United States,America/New_York
Noatak,United States,America/Anchorage
Nogales,United States,America/Phoenix
Nome,United States,America/Anchorage
Nondalton,United States,America/Anchorage
Noorvik,United States,America/Anchorage
Norfolk,United States,America/New_York
Norfolk,United States,America/New_York
Norfolk,United States,America/New_York
Norfolk  Nebraska,United States,\N
North Bend,United States,America/Los_Angeles
North Chicago,United States,\N
North Falmouth,United States,\N
North Kingstown,United States,America/New_York
North Myrtle Beach,United States,America/New_York
North Platte,United States,America/Chicago
North Whale Pass,United States,America/Anchorage
North Wilkesboro,United States,America/New_York
Northway,United States,America/Anchorage
Norwalk,United States,America/New_York
Norwood,United States,America/New_York
Novato,United States,America/Los_Angeles
Nuiqsut,United States,America/Anchorage
Nulato,United States,America/Anchorage
Null,United States,America/Chicago
Null,United States,America/Chicago
Nunam Iqua,United States,America/Anchorage
Nunapitchuk,United States,America/Anchorage
Oak Island,United States,\N
Oak Lawn,United States,America/Chicago
Oak Park,United States,\N
Oakdale,United States,America/Los_Angeles
Oakland,United States,America/Los_Angeles
Oakland,United States,America/Los_Angeles
Oakley,United States,\N
Ocala,United States,America/New_York
Ocala,United States,\N
Ocean Isle Beach,United States,America/New_York
Ocean Reef Club Airport,United States,America/New_York
Ocean Shores,United States,America/Los_Angeles
Oceana,United States,America/New_York
Oceano,United States,America/Los_Angeles
Oconomowoc,United States,America/Chicago
Ogden,United States,America/Denver
Ogden,United States,America/Denver
Ogdensburg,United States,America/New_York
Okeechobee,United States,America/New_York
Okeechobee,United States,\N
Oklahoma City,United States,America/Chicago
Oklahoma City,United States,America/Chicago
Oklahoma City,United States,America/Chicago
Okmulgee,United States,America/Chicago
Olathe,United States,America/Chicago
Olathe,United States,America/Chicago
Old Harbor,United States,America/Anchorage
Old Saybrook,United States,\N
Olga Bay,United States,America/Anchorage
Olive Branch,United States,America/Chicago
Olympia,United States,America/Los_Angeles
Olympia,United States,\N
Omaha,United States,America/Chicago
Omaha,United States,America/Chicago
Oneonta,United States,America/New_York
Ontario,United States,America/Los_Angeles
Ontario,United States,America/Denver
Opa-locka,United States,America/New_York
Opolu,United States,Pacific/Honolulu
Orangeburg,United States,\N
Orient,United States,\N
Orlando,United States,America/New_York
Orlando,United States,America/New_York
Orlando,United States,America/New_York
Orlando,United States,America/New_York
Orlando,United States,America/New_York
Ormond Beach,United States,America/New_York
Oscoda,United States,America/New_York
Oshkosh,United States,America/Chicago
Ottumwa,United States,\N
Ouzinkie,United States,America/Anchorage
Owensboro,United States,America/Chicago
Oxford,United States,America/New_York
Oxford,United States,America/New_York
Oxford,United States,\N
Oxford,United States,\N
Oxnard,United States,America/Los_Angeles
Ozark,United States,\N
Ozona,United States,America/Chicago
Packwood,United States,America/Los_Angeles
PADUCAH,United States,America/Chicago
Page,United States,America/Phoenix
Pahokee,United States,America/New_York
Pahokee,United States,America/New_York
Palacios,United States,America/Chicago
Palatka,United States,America/New_York
Palm Beach Gardens,United States,America/New_York
Palm Springs,United States,America/Los_Angeles
Palm Springs,United States,America/Los_Angeles
Palm Springs,United States,America/Los_Angeles
Palmdale,United States,America/Los_Angeles
Palmer,United States,America/Anchorage
Palo Alto,United States,America/Los_Angeles
Palo Alto,United States,\N
Palo Alto,United States,\N
Panama City,United States,America/Chicago
Panama City,United States,America/Chicago
Panama City,United States,America/Chicago
Paoli,United States,America/New_York
Paris,United States,\N
Park City,United States,America/Denver
PARKERSBURG,United States,America/New_York
Pasco,United States,America/Los_Angeles
Paso Robles,United States,\N
Patuxent River,United States,America/New_York
Peach Springs,United States,America/Phoenix
Pecos,United States,America/Chicago
Pedricktown,United States,America/New_York
Pedro Bay,United States,America/Anchorage
Pelican,United States,America/Anchorage
Pellston,United States,America/New_York
Pembina,United States,America/Chicago
Pendleton,United States,America/Los_Angeles
Pensacola,United States,America/Chicago
Pensacola,United States,America/Chicago
Peoria,United States,America/Chicago
Perry,United States,America/New_York
Perry,United States,America/Chicago
Perry,United States,\N
Perryville,United States,America/Anchorage
Peru,United States,America/New_York
Peru,United States,America/Chicago
Petersburg,United States,America/Anchorage
Petersburg,United States,America/New_York
Petersburg,United States,\N
Philadelphia,United States,America/New_York
Philadelphia,United States,America/New_York
Philadelphia,United States,America/New_York
Philadelphia,United States,America/New_York
Philadelphia,United States,America/New_York
Philadelphia,United States,America/New_York
Phillips,United States,America/Chicago
Phoenix,United States,America/Phoenix
Phoenix,United States,America/Phoenix
Phoenix,United States,America/Phoenix
Phoenix ,United States,America/Phoenix
Pierre,United States,America/Chicago
Pikeville,United States,America/New_York
Pilot Point,United States,America/Anchorage
Pilot Station,United States,America/Anchorage
Pine Bluff,United States,America/Chicago
Pine Mountain,United States,America/New_York
Pinedale,United States,\N
Pinehurst-Southern Pines,United States,America/New_York
Pineville,United States,\N
Pittsburgh,United States,America/New_York
Pittsburgh,United States,America/New_York
Pittsburgh,United States,America/New_York
Pittstown,United States,America/New_York
Placerville,United States,\N
Placida,United States,America/New_York
Plainville,United States,America/New_York
Plattsburgh,United States,America/New_York
Plymouth,United States,America/New_York
Plymouth,United States,America/New_York
Pocatello,United States,America/Denver
Point Baker,United States,America/Anchorage
Point Barrow,United States,America/Anchorage
Point Hope,United States,America/Anchorage
Point Lay,United States,America/Anchorage
Point Mugu,United States,America/Los_Angeles
Point Roberts,United States,America/Los_Angeles
Pompano Beach,United States,America/New_York
Pompano Beach,United States,America/New_York
Ponca City,United States,America/Chicago
Pontiac,United States,America/New_York
Poplar Bluff,United States,America/Chicago
Port alsworth,United States,America/Anchorage
Port Angeles,United States,America/Los_Angeles
Port Angeles,United States,America/Los_Angeles
Port Bailey,United States,America/Anchorage
Port Clarence,United States,America/Anchorage
Port Clinton,United States,America/New_York
Port Heiden,United States,America/Anchorage
Port Huron,United States,America/New_York
Port Jefferson,United States,America/New_York
Port Jefferson,United States,\N
Port Lions,United States,America/Anchorage
Port Moller,United States,America/Anchorage
Port O\\'Connor,United States,America/Chicago
Port Oceanic,United States,America/Anchorage
Port Protection,United States,America/Anchorage
Port Townsend,United States,America/Los_Angeles
Port Townsend,United States,America/Los_Angeles
Port Williams,United States,America/Anchorage
Portage,United States,America/Chicago
Portage,United States,\N
Portland,United States,America/Los_Angeles
Portland,United States,America/New_York
Portland,United States,America/Los_Angeles
Portsmouth,United States,America/New_York
Poteau,United States,America/Chicago
Poughkeepsie,United States,America/New_York
Poughkeepsie,United States,\N
Pratt,United States,\N
Prescott,United States,America/Phoenix
Presque Isle,United States,America/New_York
Price,United States,America/Denver
Princeton,United States,America/Chicago
Princeton,United States,\N
Princeton,United States,\N
Princeton,United States,\N
Prineville,United States,America/Los_Angeles
Prospect Creek,United States,America/Anchorage
Prosser,United States,America/Los_Angeles
Providence,United States,America/New_York
Providence,United States,\N
Provincetown,United States,America/New_York
Provo,United States,America/Denver
Pueblo,United States,America/Denver
Pullman,United States,America/Los_Angeles
Punta Gorda,United States,America/New_York
Put-in-Bay,United States,America/New_York
Quakertown,United States,\N
Quantico,United States,America/New_York
Quantico,United States,America/New_York
Queensbury,United States,America/New_York
Quincy,United States,America/Chicago
Quincy,United States,America/New_York
Quinhagak,United States,America/Anchorage
Quitman,United States,America/Chicago
Racine,United States,America/Chicago
Racine,United States,\N
Raleigh,United States,America/New_York
Raleigh-durham,United States,America/New_York
Ramona,United States,America/Los_Angeles
Rampart,United States,America/Anchorage
Rancho Murieta,United States,America/Los_Angeles
Rantoul,United States,\N
Rapid City,United States,America/Denver
Rapid City,United States,America/Denver
Raton,United States,America/Denver
Rawlins,United States,America/Denver
Reading,United States,America/New_York
Red Bluff,United States,America/Los_Angeles
Red Devil,United States,America/Anchorage
Red River,United States,America/Chicago
Redding,United States,America/Los_Angeles
Redlands,United States,America/Los_Angeles
Redmond-Bend,United States,America/Los_Angeles
Redstone,United States,America/Chicago
Redwood City,United States,\N
Redwood Falls,United States,\N
Rennselaer,United States,\N
Reno,United States,America/Los_Angeles
Reno,United States,America/Los_Angeles
Renton,United States,America/Los_Angeles
Republic,United States,America/Los_Angeles
Rhinebeck,United States,America/New_York
Rhinebeck,United States,\N
Rhinelander,United States,America/Chicago
Richfield,United States,America/Denver
Richland Center,United States,America/Chicago
Richland Center,United States,\N
Richmond,United States,America/New_York
Richmond,United States,America/New_York
Richmond,United States,America/New_York
Richmond,United States,America/New_York
Richmond,United States,\N
Richmond,United States,\N
Richmond Heights,United States,America/New_York
Ridgeland,United States,America/New_York
Ridgely,United States,\N
Rifle,United States,America/Denver
River Forest,United States,\N
River Ranch,United States,America/New_York
Riverside,United States,America/Los_Angeles
Riverside,United States,America/Los_Angeles
Riverside,United States,America/Los_Angeles
Riverton WY,United States,America/Denver
Roanoke VA,United States,America/New_York
Robinson,United States,America/Chicago
Roche Harbor,United States,America/Los_Angeles
Rochester,United States,America/New_York
Rochester,United States,America/Chicago
Rochester,United States,America/New_York
Rochester,United States,\N
Rock Hill,United States,America/New_York
Rock Springs,United States,America/Denver
Rockford,United States,America/Chicago
Rockford,United States,America/Chicago
Rockingham,United States,America/New_York
Rockland,United States,America/New_York
Rockport,United States,America/Chicago
Rockport,United States,America/New_York
Rockville,United States,\N
Rocky Mount,United States,America/New_York
Rocky Mount,United States,\N
Rome,United States,America/New_York
Rome,United States,America/New_York
Rome,United States,\N
Rosario,United States,America/Los_Angeles
Rosecrans,United States,America/Chicago
Roseville,United States,\N
Roswell,United States,America/Denver
Roxboro,United States,\N
Ruby,United States,America/Anchorage
Ruidoso,United States,America/Denver
Russell,United States,\N
Russian Mission,United States,America/Anchorage
Rutland,United States,America/New_York
Sabetha,United States,America/Chicago
Sacramento,United States,America/Los_Angeles
Sacramento,United States,America/Los_Angeles
Sacramento,United States,America/Los_Angeles
Sacramento,United States,America/Los_Angeles
Sacramento,United States,America/Los_Angeles
Safford,United States,America/Phoenix
Saginaw,United States,America/New_York
Saint Cloud,United States,America/Chicago
Saint George,United States,America/Denver
Saint Paul,United States,\N
Salem,United States,America/Los_Angeles
Salem,United States,America/New_York
Salem,United States,America/New_York
Salem OR,United States,\N
Salina,United States,America/Chicago
Salinas,United States,\N
Salisbury,United States,America/New_York
Sallisaw,United States,\N
Salmon,United States,America/Denver
Salt Lake City,United States,America/Denver
Salt Lake City,United States,America/La_Paz
Saluda,United States,America/New_York
San Angelo,United States,America/Chicago
San Antonio,United States,America/Chicago
San Antonio,United States,America/Chicago
San Antonio,United States,America/Chicago
San Antonio,United States,America/Chicago
San Bernardino,United States,America/Los_Angeles
San Bruno,United States,\N
San Bruno,United States,\N
San Carlos,United States,America/Los_Angeles
San Carlos,United States,\N
San Clemente Island,United States,America/Los_Angeles
San Diego,United States,America/Los_Angeles
San Diego,United States,America/Los_Angeles
San Diego,United States,America/Los_Angeles
San Diego,United States,Asia/Shanghai
San Diego,United States,America/Los_Angeles
San Diego,United States,America/Los_Angeles
San Diego,United States,America/Los_Angeles
San Diego,United States,America/Los_Angeles
San Francisco,United States,America/Los_Angeles
San Francisco,United States,America/Los_Angeles
San Francisco,United States,\N
San Francisco,United States,\N
San Francisco,United States,\N
San Francisco,United States,\N
San Francisco,United States,\N
San Francisco,United States,\N
San Francisco,United States,\N
San Francisco,United States,\N
San Jose,United States,America/Los_Angeles
San Jose,United States,\N
San Jose,United States,\N
San Juan,United States,America/Anchorage
San Luis,United States,America/Los_Angeles
San Luis Obispo,United States,America/Los_Angeles
San Marcos,United States,\N
San Mateo,United States,America/Los_Angeles
San Mateo,United States,\N
San Mateo,United States,\N
San Nicolas Island,United States,America/Los_Angeles
Sand Point,United States,America/Anchorage
Sandusky,United States,America/New_York
Sandusky,United States,America/New_York
Sanford,United States,America/New_York
Sanford ME,United States,America/New_York
Santa Ana,United States,America/Los_Angeles
Santa Ana,United States,America/Los_Angeles
Santa Barbara,United States,America/New_York
Santa Barbara,United States,America/Los_Angeles
Santa Barbara,United States,America/Los_Angeles
Santa Clarita,United States,\N
Santa Fe,United States,America/Denver
Santa Maria,United States,America/Los_Angeles
Santa Monica,United States,America/Los_Angeles
Santa Rosa,United States,America/Los_Angeles
Saranac Lake,United States,America/New_York
Sarasota,United States,America/New_York
SARATOGA,United States,America/Denver
Sault Ste Marie,United States,America/New_York
Sausalito,United States,America/Los_Angeles
Savannah,United States,America/New_York
Savannah,United States,America/New_York
Savannah,United States,\N
Savoonga,United States,America/Anchorage
Scammon Bay,United States,America/Anchorage
Schaumburg,United States,America/Chicago
Schenectady,United States,\N
Schenectady,United States,\N
Scotia NY,United States,America/New_York
Scott City,United States,\N
Scottsbluff,United States,America/Denver
Scottsdale,United States,America/Phoenix
Scranton,United States,America/New_York
Scranton,United States,America/Santiago
Seal Bay,United States,America/Anchorage
Seattle,United States,America/Los_Angeles
Seattle,United States,America/Los_Angeles
Seattle,United States,America/Los_Angeles
Seattle,United States,America/Los_Angeles
Seattle,United States,America/Los_Angeles
Seattle,United States,America/Los_Angeles
Seattle,United States,America/Los_Angeles
Seattle,United States,America/Los_Angeles
Seattle,United States,America/Los_Angeles
Seattle,United States,\N
Seattle,United States,\N
Seattle,United States,\N
Seattle,United States,\N
Seattle WA,United States,America/Los_Angeles
Sebastian,United States,America/New_York
Sebring,United States,America/New_York
Sebring,United States,\N
Secaucus,United States,\N
Sedona,United States,America/Phoenix
Selawik,United States,America/Anchorage
Selma,United States,America/Chicago
Selma Alabama,United States,America/Chicago
Seneca Falls,United States,America/New_York
Sewanee,United States,America/Chicago
Seward,United States,America/Anchorage
Seward Alaska,United States,America/Anchorage
Shageluk,United States,America/Anchorage
Shaktoolik,United States,America/Anchorage
Sheboygan,United States,America/Chicago
Shelbyville,United States,America/Chicago
Shell Knob,United States,\N
Shelton,United States,America/Los_Angeles
Shemya,United States,America/Adak
Sheridan,United States,America/Denver
Shishmaref,United States,America/Anchorage
Show Low,United States,America/Phoenix
Shreveport,United States,America/Chicago
Shreveport,United States,America/Chicago
Shreveport,United States,America/Chicago
Shungnak,United States,America/Anchorage
Sidney,United States,America/Denver
Sidney,United States,America/Denver
Sikeston,United States,America/Chicago
Silver City,United States,America/Denver
Silver Springs,United States,America/Los_Angeles
Silverton,United States,America/Denver
Simi Valley,United States,\N
Sioux City,United States,America/Chicago
Sioux Falls,United States,America/Chicago
Sitka,United States,America/Anchorage
Sitka,United States,America/Anchorage
Skagway,United States,America/Anchorage
Skagway,United States,America/Anchorage
Sleetmute,United States,America/Anchorage
Smithfield,United States,America/New_York
Smithtown,United States,\N
Smyrna,United States,America/Chicago
Snohomish WA,United States,America/Los_Angeles
Snowshoe,United States,America/New_York
Soldotna,United States,America/Anchorage
Somerset,United States,America/New_York
Somerset,United States,America/New_York
Somerville,United States,America/New_York
Sonora,United States,\N
South Bend,United States,America/New_York
South Bend,United States,America/New_York
South Haven,United States,America/New_York
South Lake Tahoe,United States,America/Los_Angeles
South Naknek,United States,America/Anchorage
South San Francisco,United States,\N
South San Francisco,United States,\N
Southeast,United States,America/New_York
Southold,United States,\N
Sparrevohn,United States,America/Anchorage
Spearfish-South Dakota,United States,America/Denver
Spencer,United States,America/Chicago
Spokane,United States,America/Los_Angeles
Spokane,United States,America/Los_Angeles
Spokane,United States,America/Los_Angeles
Spokane,United States,America/Los_Angeles
Springfield,United States,America/Chicago
Springfield,United States,America/Chicago
Springfield,United States,America/New_York
Springfield,United States,America/Chicago
Springfield MA,United States,America/New_York
Springfield VT,United States,America/New_York
St Ignace ,United States,\N
St Mary's,United States,America/Anchorage
St. Augustine,United States,America/New_York
St. Augustine Airport,United States,America/New_York
St. George,United States,America/Anchorage
St. Ignace MI,United States,America/New_York
St. James,United States,\N
St. Louis,United States,America/Chicago
St. Louis,United States,America/Chicago
St. Louis,United States,America/Chicago
St. Louis,United States,America/Chicago
St. Marys,United States,America/New_York
St. Michael,United States,America/Anchorage
St. Paul,United States,America/Chicago
St. Paul,United States,\N
St. Paul Island,United States,America/Anchorage
St. Petersburg,United States,America/New_York
St. Petersburg,United States,America/New_York
Stamford,United States,America/New_York
State College Pennsylvania,United States,America/New_York
Statesville,United States,America/New_York
Steamboat Springs,United States,America/Denver
Stebbins,United States,America/Anchorage
Stehekin,United States,\N
Stephenville,United States,America/Chicago
Sterling,United States,America/Denver
Sterling,United States,America/New_York
Steubenville,United States,America/New_York
Stevens Point,United States,America/Chicago
Stevens Village,United States,America/Anchorage
Stevensville,United States,\N
Stewartstown,United States,America/New_York
Stillwater,United States,America/Chicago
Stinson,United States,\N
Stockton,United States,America/Los_Angeles
Stony Brook,United States,\N
Stony River,United States,America/Anchorage
Stormville,United States,America/New_York
Stratford,United States,America/New_York
Stratford,United States,America/New_York
Stuart,United States,America/New_York
Sturgeon Bay,United States,America/Chicago
Sturtevant,United States,America/Chicago
Sturtevant,United States,\N
Sublette,United States,\N
Sugar Land,United States,America/Chicago
Summit,United States,America/New_York
Summit,United States,\N
Sumter,United States,America/New_York
Sunnyvale,United States,America/Los_Angeles
Sutton,United States,\N
Swampscott,United States,\N
Swans Island,United States,America/New_York
Sylacauga,United States,\N
Sylvania,United States,America/New_York
Syosset,United States,\N
Syracuse,United States,America/New_York
Syracuse,United States,America/New_York
Tacoma,United States,America/Los_Angeles
Tacoma,United States,America/Los_Angeles
Tacoma,United States,America/Los_Angeles
Takotna,United States,America/Anchorage
Talkeetna,United States,America/Anchorage
Talkeetna,United States,America/Anchorage
Talladega,United States,\N
Tallahassee,United States,America/New_York
Tallassee,United States,\N
Tampa,United States,America/New_York
Tampa,United States,America/New_York
Tampa,United States,America/New_York
Tampa,United States,America/New_York
Tampa,United States,\N
Tampa,United States,\N
Tampa Bay,United States,\N
Tanana,United States,America/Anchorage
Tappahannock,United States,\N
Tarentum,United States,America/New_York
Tatalina,United States,America/Anchorage
Tatitlek,United States,America/Anchorage
Taunton,United States,America/New_York
Teller,United States,America/Anchorage
Telluride,United States,America/Denver
Temple,United States,America/Chicago
Tenakee Springs,United States,America/Anchorage
Terre Haute,United States,America/New_York
Teterboro,United States,America/New_York
Texarkana,United States,America/Chicago
The Dalles,United States,America/Los_Angeles
Thief River Falls,United States,America/Chicago
Thomasville,United States,America/New_York
Thomson,United States,America/New_York
Thorne Bay,United States,America/Anchorage
Tifton,United States,America/New_York
Tillamook,United States,America/Los_Angeles
Timmonsville,United States,\N
Tin City,United States,America/Anchorage
Titusville,United States,America/New_York
Titusville,United States,America/New_York
Toccoa,United States,America/New_York
Togiak Village,United States,America/Anchorage
Tok,United States,America/Anchorage
Tok,United States,America/Anchorage
Toksook Bay,United States,America/Anchorage
Toledo,United States,America/New_York
Toledo,United States,America/New_York
Tomah,United States,America/Chicago
Tomah,United States,America/Chicago
Tonopah,United States,America/Los_Angeles
Tonopah,United States,\N
Tonopah,United States,\N
Topeka,United States,America/Chicago
Topeka,United States,America/Chicago
Topeka,United States,\N
Torrance,United States,America/Los_Angeles
Traverse City,United States,America/New_York
Trenton,United States,America/New_York
Trenton,United States,America/New_York
Trenton,United States,America/New_York
Trenton,United States,America/New_York
Tribune,United States,\N
Trinidad,United States,\N
Troutdale,United States,America/Los_Angeles
Troy,United States,\N
Truckee,United States,America/Los_Angeles
Truth Or Consequences,United States,America/Denver
Tucson,United States,America/Phoenix
Tucson,United States,America/Phoenix
Tucson,United States,America/Phoenix
Tucson,United States,\N
Tucumcari,United States,America/Denver
Tulsa,United States,America/Chicago
Tulsa,United States,America/Chicago
Tuluksak,United States,America/Anchorage
Tunica,United States,America/Chicago
Tuntutuliak,United States,America/Anchorage
Tununak,United States,America/Anchorage
Tupelo,United States,America/Chicago
Tuscaloosa AL,United States,America/Chicago
Tuskegee,United States,America/Chicago
Twenty Nine Palms,United States,America/Los_Angeles
Twin Falls,United States,America/Denver
Twin Hills,United States,America/Anchorage
Tyler,United States,America/Chicago
Tyonek,United States,America/Anchorage
Tyrone,United States,America/New_York
Ukiah,United States,\N
Ulysses,United States,\N
Unalakleet,United States,America/Anchorage
Unalaska,United States,America/Anchorage
Upland,United States,\N
Urbana,United States,America/Chicago
Utica,United States,America/New_York
Uvalde,United States,America/Chicago
Uvalde,United States,America/Chicago
Vail,United States,America/Denver
Valdez,United States,America/Anchorage
Valdez,United States,America/Anchorage
Valdosta,United States,America/New_York
Valdosta,United States,America/New_York
Valentine,United States,\N
Valkaria,United States,America/New_York
Valparaiso,United States,America/Chicago
Valparaiso,United States,America/Chicago
Valparaiso IN,United States,\N
Van Nuys,United States,America/Los_Angeles
Van Wert,United States,America/New_York
Vancouver WA,United States,\N
Venetie,United States,America/Anchorage
Venice,United States,America/New_York
Ventura,United States,America/Los_Angeles
Vernal,United States,America/Denver
Vero Beach,United States,America/New_York
Victoria,United States,America/Chicago
Victorville,United States,America/Los_Angeles
Villa Park,United States,\N
Villa Rica,United States,America/New_York
Vineyard Haven MA,United States,America/New_York
Viroqua,United States,America/Chicago
Visalia,United States,America/Los_Angeles
Waco,United States,America/Chicago
Waco,United States,America/Chicago
Wadsworth,United States,America/New_York
Wahiawa,United States,Pacific/Honolulu
Wahoo,United States,\N
Waikoloa Village,United States,Pacific/Honolulu
Wainwright,United States,America/Anchorage
Wales,United States,America/Anchorage
Walkersville,United States,America/New_York
Walla Walla,United States,America/Los_Angeles
Wallace,United States,\N
Wallops Island,United States,America/New_York
Warsaw,United States,America/New_York
Washington,United States,America/New_York
Washington,United States,America/New_York
Washington,United States,America/New_York
Washington,United States,America/New_York
Washington,United States,America/New_York
Washington,United States,\N
Washington County,United States,America/New_York
Washington DC,United States,America/New_York
Wasilla,United States,\N
Wassau,United States,America/Chicago
Waterloo,United States,America/Chicago
Waterloo,United States,America/New_York
Watertown,United States,America/New_York
Watertown,United States,America/Chicago
Watsonville,United States,\N
Waukegan,United States,\N
Waukesha,United States,America/Chicago
Waupaca,United States,America/Chicago
Wausau,United States,America/Chicago
Waynesboro,United States,America/New_York
Wellington,United States,America/Chicago
Wenatchee,United States,America/Los_Angeles
Wendover,United States,America/Denver
West Chicago,United States,America/Chicago
West Chicago,United States,\N
West Goshen Township,United States,America/New_York
West Hampton Beach,United States,America/New_York
West Haven,United States,America/New_York
West Palm Beach,United States,America/New_York
West Palm Beach,United States,America/New_York
West Palm Beach,United States,\N
West Point,United States,America/Anchorage
West Yellowstone,United States,America/Denver
Westbury,United States,\N
Western Springs,United States,\N
Westfield,United States,America/New_York
Westport,United States,America/New_York
Westport,United States,America/New_York
Westsound,United States,America/Los_Angeles
Weyers Cave,United States,America/New_York
Wheaton,United States,\N
Wheaton,United States,\N
Wheeling,United States,America/New_York
Whidbey Island,United States,America/Los_Angeles
White Mountain,United States,America/Anchorage
White Plains,United States,America/New_York
White Plains,United States,America/New_York
White Sands,United States,America/Denver
Whittier,United States,America/Anchorage
Whittier,United States,America/Anchorage
Whittier,United States,America/Anchorage
Wichita,United States,America/Chicago
Wichita,United States,America/Chicago
Wichita,United States,America/Chicago
Wichita Falls,United States,America/Chicago
Wickenburg,United States,America/Phoenix
Wildwood,United States,America/New_York
Wilkes-Barre,United States,America/New_York
Wilkes-Barre,United States,America/New_York
Williamsburg,United States,America/New_York
Williamsburg,United States,\N
Williamson,United States,America/New_York
Williamsport,United States,America/New_York
Williamsport,United States,America/New_York
Willimantic,United States,America/New_York
Williston,United States,America/Chicago
Willoughby,United States,America/New_York
Willow Grove,United States,America/New_York
Wilmette,United States,\N
Wilmington,United States,America/New_York
Wilmington,United States,America/New_York
Wilmington,United States,America/New_York
Wilmington,United States,America/New_York
Winder,United States,America/New_York
Windom,United States,America/Chicago
Windsor Locks,United States,America/New_York
Winfield,United States,America/Chicago
Winfield,United States,\N
Wink,United States,America/Chicago
Winnemucca,United States,\N
Winnemucca,United States,\N
Winnetka,United States,\N
Winnetka,United States,\N
Winnetka,United States,\N
Winnsboro,United States,America/New_York
Winslow,United States,America/Phoenix
Winston-salem,United States,America/New_York
Winter Haven,United States,America/New_York
Winter Haven,United States,\N
Winterhaven,United States,America/New_York
Winthrop,United States,\N
Winthrop Harbor,United States,\N
Wisconsin Dells,United States,\N
Wisconsin Rapids,United States,America/Chicago
Wishram,United States,America/Los_Angeles
Wishram,United States,America/Los_Angeles
Wolf Point,United States,America/Denver
Woodmere,United States,\N
Woods Hole,United States,\N
Woodside,United States,\N
Woodward,United States,\N
Worcester,United States,America/New_York
Worland,United States,America/Denver
Wrangell,United States,America/Anchorage
Wright,United States,America/New_York
Wrightstown,United States,America/New_York
Wuchula,United States,America/New_York
Wyandanch,United States,\N
Yakataga,United States,America/Anchorage
Yakima,United States,America/Los_Angeles
Yakutat,United States,America/Anchorage
Yankton,United States,America/Chicago
Yosemite Nationalpark,United States,\N
Youngstown,United States,America/New_York
Youngstown,United States,America/New_York
Youngstown,United States,America/New_York
Youngstown,United States,America/New_York
Yuba City,United States,America/Los_Angeles
Yuma,United States,America/Phoenix
Zachar Bay,United States,America/Anchorage
Zanesville,United States,\N
Zelienople,United States,America/New_York
Zephyrhills,United States,America/New_York
Zion,United States,\N
Zion Nationalpark,United States,\N
Zuni Pueblo,United States,America/Denver