Airport,Iata,city_id
Phillips Army Air Field,KAPG,2298
Aberdeen Regional Airport,KABR,2299
Dyess Air Force Base,KDYS,2300
Abilene Regional Airport,KABI,2301
Ada Municipal Airport,KADH,2302
Adak Airport,PADK,2303
Addison Airport,KADS,2304
NAS Agana Airport,\N,2305
Agua Dulce,\N,2306
Aiken Municipal Airport,KAIK,2307
Akhiok Airport,PAKH,2308
Akiachak Airport,\N,2309
Akiak Airport,PFAK,2310
Akron Fulton International Airport,KAKR,2311
Akron Canton Regional Airport,KCAK,2312
Colorado Plains Regional Airport,KAKO,2313
Akutan Seaplane Base,KQA,2314
Shelby County Airport,KEET,2315
Alakanuk Airport,PAUK,2316
Alameda Naval Air Station,KNGZ,2317
Holloman Air Force Base,KHMN,2318
Alamogordo White Sands Regional Airport,KALM,2319
San Luis Valley Regional Bergman Field,KALS,2320
Albany International Airport,KALB,2321
Southwest Georgia Regional Airport,KABY,2322
Rensselaer Rail Station,\N,2323
Albany Depot ,\N,2324
Albion Amtrak Station,\N,2325
Albuquerque International Sunport Airport,KABQ,2326
Alvarado Transportation Center,\N,2327
Aleknagik / New Airport,5A8,2328
Thomas C Russell Field,KALX,2329
Esler Regional Airport,KESF,2330
Alexandria International Airport,KAEX,2331
Alexandria Union Station,\N,2332
Chandler Field,KAXN,2333
Alice International Airport,KALI,2334
Allakaket Airport,PFAL,2335
Lehigh Valley International Airport,KABE,2336
Bus Terminal,ATWN,2337
Alliance Municipal Airport,KAIA,2338
Alliance Station,\N,2339
Alpena County Regional Airport,KAPN,2340
Alpine Casparis Municipal Airport,KE38,2341
St Louis Regional Airport,KALN,2342
Altoona Blair County Airport,KAOO,2343
Altoona Transportation Center,\N,2344
Altus Air Force Base,KLTS,2345
Rick Husband Amarillo International Airport,KAMA,2346
Ambler Airport,PAFM,2347
Souther Field,KACJ,2348
Amherst Amtrak Station AMM,\N,2349
Amook Bay Seaplane Base,\N,2350
Amsterdam Amtrak Station,\N,2351
Anacortes Airport,\N,2352
Ferry Terminal,ACRT,2353
Anaheim Regional Transportation Intermodal Center,\N,2354
Anaktuvuk Pass Airport,PAKP,2355
Merrill Field,PAMR,2356
Elmendorf Air Force Base,PAED,2357
Ted Stevens Anchorage International Airport,PANC,2358
Lake Hood Seaplane Base,PALH,2359
Anchorage Rail Depot,\N,2360
Anchorage Main Station,\N,2361
South Alabama Regional Airport,\N,2362
Anderson Regional Airport,KAND,2363
Texas Gulf Coast Regional Airport,KLBX,2364
Tri State Steuben County Airport,KANQ,2365
Angoon Seaplane Base,PAGN,2366
Aniak Airport,PANI,2367
Ankeny Regional Airport,KIKV,2368
Ann Arbor Municipal Airport,KARB,2369
Ann Arbor Station,\N,2370
Annapolis,ANNA,2371
Lee Airport,KANP,2372
Annette Island Airport,PANT,2373
Anniston Metropolitan Airport,KANB,2374
Anoka County-Blaine Arpt(Janes Field) Airport,KANE,2375
Anvik Airport,PANV,2376
Apalachicola Regional Airport,KAAF,2377
Foster Field,\N,2378
Appleton International Airport,KATW,2379
Arcadia Municipal Airport,\N,2380
Arcata Airport,KACV,2381
Arco,\N,2382
Arctic Village Airport,PARC,2383
Ardmore Municipal Airport,KADM,2384
Ardmore Amtrak Station,\N,2385
Arlington Municipal Airport,KGKY,2386
Reagan National Airport Station,\N,2387
King Street-Old Town Station,\N,2388
Arlington Municipal Airport,KAWO,2389
Asheboro Regional Airport,KHBI,2390
Asheville Regional Airport,KAVL,2391
Asheville Greyhound Station,\N,2392
Ashland County Airport,\N,2393
Ashland Virgina Station,\N,2394
Aspen-Pitkin Co/Sardy Field,KASE,2395
Astoria Regional Airport,KAST,2396
Athens Ben Epps Airport,KAHN,2397
Ohio University Snyder Field,KUNI,2398
McMinn County Airport,KMMI,2399
Atherton Station,\N,2400
Atka Airport,PAAK,2401
Hartsfield Jackson Atlanta International Airport,KATL,2402
Fulton County Airport Brown Field,KFTY,2403
DeKalb Peachtree Airport,KPDK,2404
Cobb County-Mc Collum Field,KRYY,2405
Peachtree City Falcon Field,KFFC,2406
Airport MARTA Station,\N,2407
Peachtree Center MARTA Station,\N,2408
Lenox MARTA Station,\N,2409
Atlantic City International Airport,KACY,2410
Atlantic City Rail Terminal,\N,2411
Stellwagen Bank National Marine Sanctuary,\N,2412
Atmautluak Airport,\N,2413
Atmautluak Airport,\N,2414
Atmautluak Airport,\N,2415
Atmautluak Airport,\N,2416
Atqasuk Edward Burnell Sr Memorial Airport,PATQ,2417
Attleboro MBTA Station,\N,2418
Auburn Opelika Robert G. Pitts Airport,KAUO,2419
Augusta State Airport,KAUG,2420
Daniel Field,KDNL,2421
Augusta Municipal Airport,K3AU,2422
Aurora State Airport,KUAO,2423
Austin Bergstrom International Airport,KAUS,2424
Austin Executive Airport,KEDC,2425
Camp Mabry Austin City,KATT,2426
Avon Park Executive Airport,KAVO,2427
Bagdad Airport,\N,2428
Decatur County Industrial Air Park,KBGE,2429
Ferry Dock,BAIN,2430
Baker City Municipal Airport,KBKE,2431
Meadows Field,KBFL,2432
Bakersfield Amtrak Station,\N,2433
Saratoga County Airport,K5B2,2434
Baltimore/Washington International Thurgood Marshall Airport,KBWI,2435
Baltimore Penn Station,\N,2436
Penn Station,\N,2437
Camden Station,\N,2438
Martin State Airport,KMTN,2439
BWI Rail Station,\N,2440
Bamberg County Airport,\N,2441
Bangor International Airport,KBGR,2442
Banning Municipal Airport,KBNG,2443
Hancock County-Bar Harbor Airport,KBHB,2444
Bar Harbor Yarmouth Ferry Terminal,\N,2445
Baraboo Wisconsin Dells Airport,KDLL,2446
Barking Sands Airport,PHBK,2447
Barnstable Municipal Boardman Polando Field,KHYA,2448
Hyannis Inner Harbor,\N,2449
Barnstable Harbor,\N,2450
Wiley Post Will Rogers Memorial Airport,PABR,2451
Barter Island LRRS Airport,PABA,2452
Bartow Municipal Airport,KBOW,2453
Genesee County Airport,KGVQ,2454
"Baton Rouge Metropolitan, Ryan Field",KBTR,2455
Battle Creek Station,\N,2456
W K Kellogg Airport,KBTL,2457
Battle Mountain,\N,2458
Baudette International Airport,KBDE,2459
Bay City Municipal Airport,KBYY,2460
Beaufort County Airport,KARW,2461
Southeast Texas Regional Airport,KBPT,2462
Beaumont Municipal Airport,KBMT,2463
Beaver Airport,PAWB,2464
Beaver County Airport,KBVI,2465
Welke Airport,\N,2466
Raleigh County Memorial Airport,KBKW,2467
Laurence G Hanscom Field,KBED,2468
Bedford County Airport,KHMZ,2469
Belle Glade State Municipal Airport,\N,2470
Scott AFB/Midamerica Airport,KBLV,2471
Bellingham International Airport,KBLI,2472
Bellingham-Bellingham Station,\N,2473
Bellwood Station,\N,2474
Belmont Station,\N,2475
Bemidji Regional Airport,KBJI,2476
Bend Municipal Airport,KBDN,2477
Saline County Regional Airport,KSUZ,2478
Southwest Michigan Regional Airport,\N,2479
Northwest Arkansas Regional Airport,KXNA,2480
Northwest Arkansas Samuel Walton International Airport,KNRW,2481
Berkeley METRA Station,\N,2482
Ashby BART Station,\N,2483
Bessemer Airport,KEKY,2484
Bethel Airport,PABE,2485
Bethpage Station,\N,2486
Bettles Airport,PABT,2487
Beverly Municipal Airport,KBVY,2488
Beverly Depot,\N,2489
Montserrat Station,\N,2490
Beverly Farms Station,\N,2491
Big Bear City,\N,2492
Big Mountain Airport,PABM,2493
Miley Memorial Field,KBPI,2494
Big Timber Airport,K6S0,2495
Billings Logan International Airport,KBIL,2496
Keesler Air Force Base,KBIX,2497
Greater Binghamton/Edwin A Link field,KBGM,2498
Binghamton Bus Terminal,BING,2499
Birmingham-Shuttlesworth International Airport,KBHM,2500
Birmingham Station,\N,2501
Bishop,\N,2502
Eastern Sierra Regional Airport,KBIH,2503
Bismarck Municipal Airport,KBIS,2504
Blake Knolls,\N,2505
Blakely Island Airport,\N,2506
Block Island State Airport,KBID,2507
Central Illinois Regional Airport at Bloomington-Normal,KBMI,2508
Monroe County Airport,KBMG,2509
Mall of America Metro Transit Station,\N,2510
Blue Canyon,\N,2511
Mercer County Airport,KBLF,2512
Blythe Airport,KBLH,2513
Arkansas International Airport,KBYH,2514
Boca Raton Airport,KBCT,2515
Boca Raton Station,\N,2516
Bois Blanc Island Ferry Terminal,\N,2517
Bois Blanc Island Airport,\N,2518
Boise Air Terminal/Gowen field,KBOI,2519
Clow International Airport,\N,2520
Borrego Valley Airport,KBXS,2521
General Edward Lawrence Logan International Airport,KBOS,2522
Boston South Station,BOST,2523
Boston Back Bay Station,\N,2524
Boston North Station,\N,2525
Long Wharf,\N,2526
Boulder Municipal Airport,KBDU,2527
Boulder City Municipal Airport,KBVU,2528
Bountiful,\N,2529
Bowling Green Warren County Regional Airport,KBWG,2530
Boynton Beach Station,\N,2531
Gallatin Field,KBZN,2532
Braceville Airport,\N,2533
Bradford Regional Airport,KBFD,2534
Bradshaw Army Airfield,PHSF,2535
Curtis Field,KBBD,2536
Brainerd Lakes Regional Airport,KBRD,2537
Branson LLC,KBBG,2538
Stephens County Airport,KBKD,2539
Bremerton National Airport,KPWT,2540
Bremerton Terminal,\N,2541
Brenham Municipal Airport,K11R,2542
Port Canaveral,\N,2543
Brevig Mission Airport,PFKT,2544
Birch Creek Airport,\N,2545
Bridgeport Ferry Dock,\N,2546
Bridgeport Station,\N,2547
Brigham City Airport,KBMC,2548
Tri Cities Regional Tn Va Airport,KTRI,2549
Brookings Regional Airport,BKX,2550
Brookneal/Campbell County Airport,K0V4,2551
Brooks Camp,\N,2552
Rocky Mountain Metropolitan Airport,KBJC,2553
Brownsville South Padre Island International Airport,KBRO,2554
KBWD,\N,2555
Brunswick Golden Isles Airport,KBQK,2556
Malcolm McKinnon Airport,KSSI,2557
Brunswick Executive Airport,KNHZ,2558
Coulter Field,KCFD,2559
Williams County Airport,\N,2560
Bryan Station,\N,2561
Bryce Canyon Airport,KBCE,2562
Nantahala Outdoor Center,\N,2563
Buckeye Municipal Airport,KBXK,2564
Buckland Airport,PABL,2565
Buckley Air Force Base,KBKF,2566
Port Bucyrus-Crawford County Airport,\N,2567
Buffalo Niagara International Airport,KBUF,2568
Buffalo Bus Terminal,BBUF,2569
Buffalo Exchange Street Station,\N,2570
Buffalo-Exchange Street Station,\N,2571
Laughlin-Bullhead Intl,IFP,2572
Bob Hope Airport,KBUR,2573
Burley Municipal Airport,KBYI,2574
Broadway Station,\N,2575
Burlingame Station,\N,2576
Burlington International Airport,KBTV,2577
Southeast Iowa Regional Airport,KBRL,2578
Burlington Alamance Regional Airport,KBUY,2579
Burlington Municipal Airport,KBUU,2580
Burns Municipal Airport,KBNO,2581
Augusta Regional At Bush Field,KAGS,2582
Bert Mooney Airport,KBTM,2583
Buzzards Bay Train Station,\N,2584
Byron Airport,\N,2585
Cairo-Grady County Airport,\N,2586
Essex County Airport,KCDW,2587
Calexico International Airport,KCXL,2588
Tom B. David Field,KCZL,2589
Camarillo Amtrak,\N,2590
Camarillo Airport,KCMA,2591
Rancho San Simeon Airport,66CA,2592
Cambridge Municipal Airport,\N,2593
Woodward Field,KCDN,2594
Camdenton,KOZS,2595
Volk Field,KVOK,2596
Andrews Air Force Base,KADW,2597
Cherokee County Airport,KCNI,2598
Cherokee County Airport,\N,2599
Cape Girardeau Regional Airport,KCGI,2600
Cape Lisburne LRRS Airport,PALU,2601
Cape May Ferry Terminal,\N,2602
Cape Newenham LRRS Airport,PAEH,2603
Cape Romanzof LRRS Airport,PACZ,2604
Southern Illinois Airport,KMDH,2605
Sky Ranch At Carefree Airport,18AZ,2606
Caribou Municipal Airport,KCAR,2607
Carle Place Station,\N,2608
Cavern City Air Terminal,KCNM,2609
Mc Clellan-Palomar Airport,KCRQ,2610
West Georgia Regional O V Gray Field,KCTJ,2611
Cartersville Airport,KVPC,2612
Casa Grande Municipal Airport,KCGZ,2613
Casper-Natrona County International Airport,KCPR,2614
Catalina Airport,KAVX,2615
Cedar City Regional Airport,KCDC,2616
CedarKey,KCDK,2617
The Eastern Iowa Airport,KCID,2618
Cedarhurst Station,\N,2619
Polk County Airport - Cornelius Moore Field,\N,2620
Central Airport,PACE,2621
Union Depot-Amtrak,CTLX,2622
Centre-Piedmont-Cherokee County Regional Airport,KPYP,2623
Chadron Municipal Airport,KCDR,2624
Chalkyitsik Airport,PACI,2625
University of Illinois Willard Airport,KCMI,2626
Illinois Terminal,\N,2627
Chandler Municipal Airport,KCHD,2628
Dulles International Airport Station,\N,2629
Chanute Martin Johnson Airport,KCNU,2630
Horace Williams Airport,KIGX,2631
Charlevoix Municipal Airport,KCVX,2632
Northeast Iowa Regional Airport,KCCY,2633
Charleston Air Force Base-International Airport,KCHS,2634
Yeager Airport,KCRW,2635
CHARLESTON CRUISE TERMINAL,\N,2636
Charleston Executive Airport,KJZI,2637
Charlotte Douglas International Airport,KCLT,2638
Monroe Reqional Airport,\N,2639
Charlotte Amtrak Station,\N,2640
Charlottesville Albemarle Airport,KCHO,2641
Cowra Airport,YCWR,2642
Lovell Field,KCHA,2643
Plaunt Ferry Terminal,\N,2644
Chefornak Airport,PACK,2645
Chehalis Centralia Airport,KCLS,2646
Lake Chelan Airport,\N,2647
Chelsea Station,\N,2648
Chemehuevi Valley,\N,2649
Chemult Station,\N,2650
Chenega Bay Airport,PFCB,2651
Cheraw Municipal Airport/Lynch Bellinger Field,KCQW,2652
Cherry Point MCAS /Cunningham Field/,KNKT,2653
Dune Park Station,\N,2654
Chevak Airport,PAVA,2655
Cheyenne Regional Jerry Olson Field,KCYS,2656
Chicago Midway International Airport,KMDW,2657
Waukegan National Airport,KUGN,2658
Chicago O'Hare International Airport,KORD,2659
Chicago Union Station,\N,2660
Wrigleyville,\N,2661
All Airports,\N,2662
Chicago Meigs Airport,KCGX,2663
Lasalle Station,\N,2664
Chicago Millennium Station,\N,2665
Ogilvie Transportation Center,\N,2666
Clybourn Station,\N,2667
Ravenswood Station,\N,2668
Rogers Park Station,\N,2669
63rd - CTA Station,\N,2670
Midway CTA Station,\N,2671
Van Buren Street Station,\N,2672
Museum Campus 11th St. Station,\N,2673
57th Street Station,\N,2674
Chicago Helicopter Experience,\N,2675
Irving Park Station,\N,2676
Jefferson Park Transit Center,\N,2677
Chicago Executive Airport,KPWK,2678
Chico Municipal Airport,KCIC,2679
Westover ARB/Metropolitan Airport,KCEF,2680
Chignik Bay Seaplane Base,\N,2681
Chignik Fisheries Airport,\N,2682
Chignik Lagoon Airport,\N,2683
Chignik Lake Airport,\N,2684
Childress Municipal Airport,KCDS,2685
Meuer Farm Helicopter Landing,\N,2686
China Lake Naws (Armitage Field) Airport,KNID,2687
Chinle Municipal Airport,\N,2688
Chino Airport,KCNO,2689
Chisana Airport,\N,2690
Chitina Airport,\N,2691
Christmas Valley Airport,K62S,2692
Chuathbaluk Airport,PACH,2693
Harford County Airport,\N,2694
Cincinnati Northern Kentucky International Airport,KCVG,2695
Cincinnati Municipal Airport Lunken Field,KLUK,2696
Cincinnati Union Terminal,\N,2697
Circle City /New/ Airport,PACR,2698
North Central West Virginia Airport,KCKB,2699
Clarksville–Montgomery County Regional Airport,KCKV,2700
Clear Lake Metroport,\N,2701
Clear Airport,PACL,2702
Clearwater Air Park,KCLW,2703
Oconee County Regional Airport,KCEU,2704
Cleveland Hopkins International Airport,KCLE,2705
Cleveland Clinic,CCLN,2706
Burke Lakefront Airport,KBKL,2707
Hardwick Field,KHDI,2708
Cleveland Greyhound Station,\N,2709
Cleveland Lakefront Station,\N,2710
Airglades Airport,\N,2711
Clinton Municipal Airport,KCWI,2712
Clinton Bus Stop,CLTN,2713
Clinton Sherman Airport,KCSM,2714
Cannon Air Force Base,KCVS,2715
Clovis Municipal Airport,KCVN,2716
Chester County G O Carlson Airport,KMQS,2717
Patrick Air Force Base,KCOF,2718
Merritt Island Airport,\N,2719
Cape Canaveral AFS Skid Strip,KXMR,2720
Yellowstone Regional Airport,KCOD,2721
Coeur D'Alene - Pappy Boyington Field,KCOE,2722
Coffeyville Municipal Airport,KCFV,2723
Coffman Cove Seaplane Base,\N,2724
Cold Bay Airport,PACD,2725
Port Moller Airport,PAAL,2726
Cold Spring Harbor Station,\N,2727
Coldfoot Airport,\N,2728
Branch County Memorial Airport,KOEB,2729
Colfax Station,\N,2730
Easterwood Field,KCLL,2731
Perkiomen Valley Airport,\N,2732
Colma BART Station,\N,2733
Columbus Air Force Base,KCBM,2734
City of Colorado Springs Municipal Airport,KCOS,2735
Columbia Metropolitan Airport,KCAE,2736
Columbia Regional Airport,KCOU,2737
Jim Hamilton L.B. Owens Airport,KCUB,2738
Columbia Amtrak Station,\N,2739
Rickenbacker International Airport,KLCK,2740
Port Columbus International Airport,KCMH,2741
Columbus Metropolitan Airport,KCSG,2742
Ohio State University Airport,KOSU,2743
Taszár Air Base,LHTA,2744
Columbus Municipal Airport,KBAK,2745
Columbus Municipal Airport,KOLU,2746
Golden Triangle Regional Airport,KGTR,2747
Concord Regional Airport,KJQF,2748
Buchanan Field,KCCR,2749
Concord Municipal Airport,KCON,2750
Joseph A. Hardy Connellsville Airport,KVVS,2751
Connellsville Amtrak Station,\N,2752
Lone Star Executive Airport,KCXO,2753
Conway Horry County Airport,KHYW,2754
Tenkiller Lake Airpark,\N,2755
Coolidge Municipal Airport,KP08,2756
Martin Campbell Field Airport,\N,2757
Crisp County Cordele Airport,KCKF,2758
Garibaldi Brothers Airport,\N,2759
Merle K (Mudhole) Smith Airport,PACV,2760
Habersham County Airport,KAJR,2761
Corpus Christi International Airport,KCRP,2762
Corpus Christi Naval Air Station/Truax Field,KNGP,2763
Cortez Municipal Airport,KCEZ,2764
Corvallis Municipal Airport,KCVO,2765
Cottonwood Airport,KP52,2766
Cotulla-La Salle County Airport,KCOT,2767
Council Airport,\N,2768
Council Bluffs Municipal Airport,KCBF,2769
Covington Municipal Airport,\N,2770
Craig Seaplane Base,\N,2771
Jack Mc Namara Field Airport,KCEC,2772
Bob Sikes Airport,KCEW,2773
Duke Field,KEGI,2774
Crooked Creek Airport,\N,2775
Cross City Airport,KCTY,2776
Crossville Memorial Whitson Field,KCSV,2777
Croton-Harmon Station,\N,2778
Crystal Airport,KMIC,2779
Crystal River Airport,KCGC,2780
Greater Cumberland Regional Airport,KCBE,2781
Cumberland Amtrak Station,\N,2782
Cushing Municipal Airport,KCUH,2783
Cut Bank International Airport,KCTB,2784
Barstow Daggett Airport,KDAG,2785
Dalhart Municipal Airport,KDHT,2786
Dallas Love Field,KDAL,2787
NAS Fort Worth JRB/Carswell Field,KNFW,2788
Collin County Regional At Mc Kinney Airport,KTKI,2789
Dallas Executive Airport,KRBD,2790
Dallas Fort Worth International Airport,KDFW,2791
Dalton Municipal Airport,KDNN,2792
Daly City BART Station,\N,2793
Danbury Municipal Airport,KDXR,2794
Fort Lauderdale-Hollywood International Airport Station at Dania Beach,\N,2795
Vermilion Regional Airport,KDNV,2796
Danville Regional Airport,KDAN,2797
Darien Station,\N,2798
Darlington County Jetport Airport,KUDG,2799
University Airport,\N,2800
Yolo County Davis Woodland Winters Airport,KDWA,2801
James M Cox Dayton International Airport,KDAY,2802
Wright-Patterson Air Force Base,KFFO,2803
Dayton-Wright Brothers Airport,KMGY,2804
Mark Anton Airport,\N,2805
Daytona Beach International Airport,KDAB,2806
De Kalb Taylor Municipal Airport,\N,2807
Deadhorse Airport,PASC,2808
Dearborn Amtrak Station,\N,2809
Furnace Creek,\N,2810
Decatur Airport,KDEC,2811
Deer Harbor Seaplane,\N,2812
Deerfield Beach Station,\N,2813
Deering Airport,PADE,2814
DeFuniak Springs Airport,\N,2815
Laughlin Air Force Base,KDLF,2816
Del Rio International Airport,KDRT,2817
Deland Municipal Sidney H Taylor Field,KDED,2818
DELETE,\N,2819
Dell Flight Strip,K4U9,2820
Delray Beach Station,\N,2821
Delta Municipal Airport,KDTA,2822
Allen Army Airfield,PABI,2823
Delta Junction Airport,\N,2824
Deming Station,\N,2825
Deming Municipal Airport,KDMN,2826
Denali Train Depot,\N,2827
Kahiltna Glacier Base Camp Airstrip,\N,2828
Denton Municipal Airport,KDTO,2829
Denver International Airport,KDEN,2830
Centennial Airport,KAPA,2831
Stapleton,\N,2832
Denver Union Station,\N,2833
Stapleton International Airport,DENX,2834
Front Range Airport,KFTG,2835
Buffalo-Depew Station,\N,2836
Beauregard Regional Airport,KDRI,2837
Des Moines International Airport,KDSM,2838
Destin Executive Airport,KDTS,2839
Detroit Metropolitan Wayne County Airport,KDTW,2840
Coleman A. Young Municipal Airport,KDET,2841
Willow Run Airport,KYIP,2842
Detroit Amtrak Station,\N,2843
Devils Lake Regional Airport,KDVL,2844
Dicka,DICK,2845
Dickinson Theodore Roosevelt Regional Airport,KDIK,2846
Dillingham Airport,PADL,2847
Dillingham Airfield,PHDH,2848
Dodge City Regional Airport,KDDC,2849
Dodge City Station,\N,2850
Dothan Regional Airport,KDHN,2851
Bisbee Douglas International Airport,KDUG,2852
Douglas Municipal Airport,KDGL,2853
Douglas Municipal Airport,KDQH,2854
Dover Air Force Base,KDOV,2855
Dowagiac Municipal Airport,\N,2856
Dowagiac Station,\N,2857
Doylestown Airport,KDYL,2858
Drummond Island Airport,KDRM,2859
Dry Tortugas,\N,2860
Dry Tortugas,\N,2861
Dry Tortugas,\N,2862
DuBois Regional Airport,KDUJ,2863
W H 'Bud' Barron Airport,KDBN,2864
Dubuque Regional Airport,KDBQ,2865
Duluth International Airport,KDLH,2866
Halliburton Field,KDUC,2867
Chautauqua County-Dunkirk Airport,KDKK,2868
Dunsmuir Station,\N,2869
Durango La Plata County Airport,KDRO,2870
Durham Amtrak Station,\N,2871
Eagle County Airport,\N,2872
Eagle Airport,PAEG,2873
Eagle River Union Airport,KEGV,2874
Airport MBTA Station,\N,2875
East Chicago Station,\N,2876
East Glacier Park Amtrak Station,\N,2877
Northport Station,\N,2878
St. Louis Downtown Airport,\N,2879
Stroudsburg-Pocono Airport,\N,2880
Stroudsburg Pocono,\N,2881
Iosco County Airport,K6D9,2882
East Troy Municipal Airport,K57C,2883
Easton Newnam Field,KESN,2884
Mc Entire Joint National Guard Base,KMMT,2885
Eastport Municipal Airport,KEPM,2886
Orcas Island Airport,KORS,2887
Chippewa Valley Regional Airport,KEAU,2888
Flying Cloud Airport,KFCM,2889
Massey Ranch Airpark Airport,\N,2890
Edwards Air Force Base,KEDW,2891
Eek Airport,PAEE,2892
Effingham Memorial Airport,KEFH,2893
Egegik Airport,PAII,2894
Ekwok Airport,\N,2895
Gillespie Field,KSEE,2896
El Centro Naf Airport,KNJK,2897
South Arkansas Regional At Goodwin Field,KELD,2898
El Dorado Springs Memorial Airport,K87K,2899
El Monte Airport,KEMT,2900
El Paso International Airport,KELP,2901
Biggs Army Air Field (Fort Bliss),KBIF,2902
Carl Folsom Airport,\N,2903
Elfin Cove Seaplane Base,PAEL,2904
Elim Airport,PFEL,2905
Elizabeth City Regional Airport & Coast Guard Air Station,KECG,2906
Elizabethton Municipal Airport,\N,2907
Elizabethtown Station,\N,2908
Elkhart Municipal,\N,2909
Elkhart Station,\N,2910
Elkhart Municipal Airport,KEKM,2911
Elkhart Morton County Airport,KEHA,2912
Elkins-Randolph Co-Jennings Randolph Field,KEKN,2913
Elko Regional Airport,KEKO,2914
Colorado Springs East Airport,KA50,2915
Gilmer County Airport,\N,2916
Elmhurst Station,\N,2917
Elmira Corning Regional Airport,KELM,2918
Ely Municipal Airport,KELO,2919
Ely Airport Yelland Field,KELY,2920
Elyria Station,\N,2921
Emeryville Amtrak Station,\N,2922
Emmonak Airport,PAEM,2923
Emporia Municipal Airport,\N,2924
Emporia Greensville Regional Airport,KEMV,2925
Tri Cities Airport,KCZG,2926
Hyde County Airport,K7W6,2927
Vance Air Force Base,KEND,2928
Enterprise Municipal Airport,KEDN,2929
Enumclaw Airport,WA77,2930
Ephraim-Gibraltar Airport,\N,2931
Erie International Tom Ridge Field,KERI,2932
Union Station,\N,2933
Delta County Airport,KESC,2934
Weedon Field,KEUF,2935
Mahlon Sweet Field,KEUG,2936
Eugene Amtrak Station,\N,2937
Murray Field,KEKA,2938
Evanston-Uinta County Airport-Burns Field,KEVW,2939
Evanston Main Street Station,\N,2940
Evanston Davis Street Station,\N,2941
Evanston Central Street Station,\N,2942
Evansville Regional Airport,KEVV,2943
Snohomish County (Paine Field) Airport,KPAE,2944
Everglades Airpark,\N,2945
Excursion Inlet Seaplane Base,\N,2946
Eielson Air Force Base,PAEI,2947
Fairbanks International Airport,PAFA,2948
Fairbanks Train Depot,\N,2949
Travis Air Force Base,KSUU,2950
Fairfield Metro Station,\N,2951
Fairfield Station,\N,2952
Fallon Naval Air Station,KNFL,2953
Cape Cod Coast Guard Air Station,KFMH,2954
False Pass Airport,PAKF,2955
Far Rockaway Station,\N,2956
Hector International Airport,KFAR,2957
Republic Airport,KFRG,2958
Farmingdale Station,\N,2959
Four Corners Regional Airport,KFMN,2960
Drake Field,KFYV,2961
Fayetteville Regional Grannis Field,KFAY,2962
Fayetteville Amtrak Station,\N,2963
Fernandina Beach Municipal Airport,\N,2964
Findlay Airport,KFDY,2965
Fitchburg Municipal Airport,KFIT,2966
Fitzgerald Municipal Airport,KFZG,2967
Flagler County Airport,KXFL,2968
Flagler Aerial Spraying Inc Airport,CO00,2969
Flagstaff Pulliam Airport,KFLG,2970
Bishop International Airport,KFNT,2971
Florence Regional Airport,KFLO,2972
Florence,\N,2973
Fond du Lac County Airport,KFLD,2974
Forest Lake Airport,\N,2975
Davison Army Air Field,KDAA,2976
Lawson Army Air Field (Fort Benning),KLSF,2977
Pope Field,KPOB,2978
Fort Bridger Airport,KFBR,2979
Butts AAF (Fort Carson) Air Field,KFCS,2980
Fort Collins Loveland Municipal Airport,KFNL,2981
Fort Dodge Regional Airport,KFOD,2982
Wheeler Sack Army Air Field,KGTB,2983
Felker Army Air Field,KFAF,2984
Hood Army Air Field,KHLR,2985
Sierra Vista Municipal Libby Army Air Field,KFHU,2986
Bicycle Lake Army Air Field,KBYS,2987
Fort Jefferson,\N,2988
Godman Army Air Field,KFTK,2989
Fort Lauderdale Executive Airport,KFXE,2990
Fort Lauderdale Hollywood International Airport,KFLL,2991
Fort Lauderdale Cruise Terminal,\N,2992
Port Everglades,FTLD,2993
Fort Lauderdale Station,\N,2994
Cypress Creek Station,\N,2995
Sherman Army Air Field,KFLV,2996
Waynesville-St. Robert Regional Forney field,KTBN,2997
Gray Army Air Field,KGRF,2998
Fort Madison Station,\N,2999
Tipton Airport,KFME,3000
Page Field,KFMY,3001
Southwest Florida International Airport,KRSW,3002
Marina Municipal Airport,KOAR,3003
Isbell Field Airport,\N,3004
St Lucie County International Airport,KFPR,3005
Polk Army Air Field,KPOE,3006
Bryant Army Heliport,PAFR,3007
Marshall Army Air Field,KFRI,3008
Cairns AAF (Fort Rucker) Air Field,KOZR,3009
Fort Sheridan Station,\N,3010
Henry Post Army Air Field (Fort Sill),KFSI,3011
Fort Smith Regional Airport,KFSM,3012
Fort Stockton Pecos County Airport,KFST,3013
Wainwright Air Station,PAWT,3014
Ladd AAF Airfield,PAFB,3015
Fort Wayne International Airport,KFWA,3016
Pennsylvania Railroad Station,\N,3017
Smith Field,KSMD,3018
Fort Worth Meacham International Airport,KFTW,3019
Fort Worth Alliance Airport,KAFW,3020
Fort Yukon Airport,PFYU,3021
Fostoria Metropolitan Airport,KFZI,3022
Four Corners,\N,3023
Capital City Airport,KFFT,3024
Venango Regional Airport,KFKL,3025
Fraser CO Winter Park,\N,3026
Walkersville Turnaround,\N,3027
Simmons Army Air Field,KFBG,3028
Fremont Airport,\N,3029
Fremont Municipal Airport,KFET,3030
Northern Aroostook Regional Airport,KFVE,3031
Fresno Yosemite International Airport,KFAT,3032
Friday Harbor Airport,KFHR,3033
Friday Harbor Seaplane Base,\N,3034
Ferry Dock,FRID,3035
Eastern Slopes Regional Airport,KIZG,3036
Fullerton Municipal Airport,KFUL,3037
Funter Bay Seaplane Base,PANR,3038
Northeast Alabama Regional Airport,KGAD,3039
Gainesville Regional Airport,KGNV,3040
Lee Gilmer Memorial Airport,KGVL,3041
Montgomery County Airpark,KGAI,3042
Edward G. Pitka Sr Airport,PAGA,3043
Galesburg Station,\N,3044
Galesburg Municipal Airport,KGBG,3045
Galion Municipal Airport,KGQQ,3046
Gallup Municipal Airport,KGUP,3047
Scholes International At Galveston Airport,KGLS,3048
Harbour,\N,3049
Gambell Airport,PAGM,3050
Garden City Regional Airport,KGCK,3051
Garden City Station,\N,3052
Merillon Avenue Station,\N,3053
Gary Chicago International Airport,KGYY,3054
Adam Benjamin Metro Center,\N,3055
Germack Airport,\N,3056
Geneva Station,\N,3057
Brown County Airport,KGEO,3058
Sussex County Airport,KGED,3059
Georgetown County Airport,KGGE,3060
Georgetown Municipal Airport,KGTU,3061
Black Rock City Airport,\N,3062
Winterplace Ski Resort,\N,3063
Gila Bend Municipal Airport,KE63,3064
Gillette Campbell County Airport,KGCC,3065
Gilman Station,\N,3066
Gladwin Zettel Memorial Airport,KGDW,3067
Wokal Field Glasgow International Airport,KGGW,3068
Glasgow Industrial Airport,07MT,3069
Glen Ellyn Station,\N,3070
Glen Park BART Station,\N,3071
Glencoe Station,\N,3072
Glendale Municipal Airport,KGEU,3073
Dawson Community Airport,KGDV,3074
Glenview Amtrak Station,\N,3075
Naval Air Station,KNBU,3076
Glenwood Springs Train Station,\N,3077
Gloucester Station,\N,3078
West Gloucester Station,\N,3079
Gloucester Station,\N,3080
Golden Glades Station,\N,3081
Seymour Johnson Air Force Base,KGSB,3082
Goldthwaite,KT37,3083
Golovin Airport,PAGL,3084
Renner Field-Goodland Municipal Airport,KGLD,3085
Goodnews Airport,\N,3086
Phoenix Goodyear Airport,KGYR,3087
Amtrak Station,\N,3088
Grand Canyon National Park Airport,KGCN,3089
Grand Canyon Heliport,\N,3090
Grand Canyon West Airport,\N,3091
Grand Forks International Airport,KGFK,3092
Central Nebraska Regional Airport,KGRI,3093
Grand Junction Regional Airport,KGJT,3094
Grand Junction Train Station,\N,3095
Grand Marais Cook County Airport,KCKC,3096
Gerald R. Ford International Airport,KGRR,3097
Grand Rapids Itasca Co-Gordon Newstrom field,KGPZ,3098
Grant County International Airport,KMWH,3099
Grants-Milan Municipal Airport,KGNT,3100
Grayling Airport,\N,3101
Great Bend Municipal Airport,KGBD,3102
Great Falls International Airport,KGTF,3103
Great Lakes Station,\N,3104
Greeley–Weld County Airport,KGXY,3105
Austin Straubel International Airport,KGRB,3106
Haller Airpark,7FL4,3107
Green River Station,\N,3108
Putnam County Airport,\N,3109
Greenlawn Station,\N,3110
Piedmont Triad International Airport,KGSO,3111
Greensburg Station,\N,3112
Majors Airport,KGVT,3113
Greenville Spartanburg International Airport,KGSP,3114
Mid Delta Regional Airport,KGLH,3115
Pitt Greenville Airport,KPGV,3116
Donaldson Center Airport,KGYH,3117
Greenville Downtown Airport,KGMU,3118
Greenwich Station,\N,3119
Greenwood–Leflore Airport,KGWO,3120
Galt Field Airport,\N,3121
Griffin-Spalding County Airport,\N,3122
Homey (Area 51) Airport,KXTA,3123
Groton New London Airport,KGON,3124
Grove Municipal Airport,KGMJ,3125
Grove City Airport,\N,3126
Ocean Ridge Airport,\N,3127
GulfofMexico,\N,3128
Jack Edwards Airport,KJKA,3129
Gulfport Biloxi International Airport,KGPT,3130
Gulkana Airport,PAGK,3131
Gunnison Crested Butte Regional Airport,KGUC,3132
Guntersville Municipal Airport - Joe Starnes Field,\N,3133
Gustavus Airport,PAGS,3134
Guymon Municipal Airport,KGUY,3135
Sawyer International Airport,KSAW,3136
Hagerstown Regional Richard A Henson Field,KHGR,3137
Friedman Memorial Airport,KSUN,3138
Haines Airport,PAHN,3139
Half Moon Bay Airport,KHAF,3140
Hamburg Inc Airport,\N,3141
Butler Co Regional Airport - Hogan Field,KHAO,3142
Hamilton Municipal Airport,KMNZ,3143
Hammond-Whiting Station,\N,3144
Langley Air Force Base,KLFI,3145
Atlanta South Regional Airport/Tara Field,K4A7,3146
Hana Airport,PHHN,3147
Houghton County Memorial Airport,KCMX,3148
Hite Airport,\N,3149
Valley International Airport,KHRL,3150
Harpers Ferry Train Station,\N,3151
Harrisburg International Airport,KMDT,3152
Capital City Airport,KCXY,3153
Harrisburg Transportation Center,HBRG,3154
Harrisburg Transportation Center,\N,3155
Boone County Airport,KHRO,3156
Hartford Brainard Airport,KHFD,3157
Hartford Union Station,\N,3158
Hartsville Regional Airport,KHVS,3159
Hattiesburg Bobby L Chain Municipal Airport,KHBG,3160
Hattiesburg Laurel Regional Airport,KPIB,3161
Havre City County Airport,KHVR,3162
Havre Train Station,\N,3163
Jack Northrop Field Hawthorne Municipal Airport,KHHR,3164
Yampa Valley Airport,KHDN,3165
Hays Regional Airport,KHYS,3166
Hayward Executive Airport,KHWD,3167
Sawyer County Airport,KHYR,3168
Hazel Crest Metra Station,\N,3169
Hazelton Bus Station,HZLT,3170
Hazleton Municipal Airport,KHZL,3171
Healy River Airport,PAHV,3172
Denali Rail,\N,3173
Heber City Municipal Airport,\N,3174
Helena Regional Airport,KHLN,3175
Heli 1,XXX1,3176
Heli 2,XXX2,3177
Amtrak Station,\N,3178
Henderson Executive Airport,KHND,3179
Terminal 1 Lindbergh Metro Transit Station,\N,3180
Terminal 2 Humphrey Metro Transit Station,\N,3181
Metrorail Transfer Station,\N,3182
Hialeah Market Station,\N,3183
Range Regional Airport,KHIB,3184
Hickory Regional Airport,KHKY,3185
Hicksville Station,\N,3186
Braeside Station,\N,3187
Ravinia Station,\N,3188
Highland Park Station,\N,3189
Ravinia Park Station,\N,3190
Highwood Station,\N,3191
Hillsboro Municipal Airport,KINJ,3192
Portland Hillsboro Airport,KHIO,3193
Hillsdale Station,\N,3194
Hilo International Airport,PHTO,3195
Hilo Cruise Terminal Hawaii,\N,3196
Hilton Head,KHHH,3197
Hilton Head Airport,KHXD,3198
Hobart Regional Airport,KHBR,3199
Lea County Regional Airport,KHOB,3200
Brewster Field,KHDE,3201
Tulip City Airport,KBIV,3202
Hollis Seaplane Base,\N,3203
Frazier Lake Airpark,\N,3204
Hollister,\N,3205
 Hollister Municipal Airport,KCVH,3206
North Perry Airport,KHWO,3207
Hollywood Station,\N,3208
Sheridan Street Station,\N,3209
Holy Cross Airport,PAHC,3210
Homer Airport,PAHO,3211
Homestead ARB Airport,KHST,3212
Homestead General Aviation Airport,\N,3213
Homewood Station,\N,3214
South Texas Regional Airport at Hondo,KHDO,3215
Honolulu International Airport,PHNL,3216
Hickam Air Force Base,PHIK,3217
Honolulu Cruise Terminal Oahu,\N,3218
Hoonah Airport,PAOH,3219
Hooper Bay Airport,PAHP,3220
Campbell AAF (Fort Campbell) Air Field,KHOP,3221
Bowerman Airport,KHQM,3222
Memorial Field,KHOT,3223
Keweenaw Waterway,\N,3224
Roscommon County - Blodgett Memorial Airport,KHTL,3225
Houlton International Airport,KHUL,3226
George Bush Intercontinental Houston Airport,KIAH,3227
William P Hobby Airport,KHOU,3228
Ellington Airport,KEFD,3229
David Wayne Hooks Memorial Airport,KDWH,3230
West Houston Airport,KIWS,3231
Andrau Airpark,KAAP,3232
Hudson Amtrak Station,\N,3233
Columbia County,\N,3234
Hughes Airport,PAHU,3235
Hunter Army Air Field,KSVN,3236
Huntingdon Station,\N,3237
Tri-State/Milton J. Ferguson Field,KHTS,3238
Huntington NY Station,\N,3239
Huntsville International Carl T Jones Field,KHSV,3240
Madison County Executive Airport-Tom Sharp Jr Field,KMDQ,3241
Huntsville Regional Airport,KUTS,3242
Huron Regional Airport,KHON,3243
Huslia Airport,PAHL,3244
Hutchinson Municipal Airport,KHUT,3245
Hutchinson Station,\N,3246
Hydaburg Seaplane Base,PAHY,3247
Hyder Seaplane Base,\N,3248
Icy Bay Airport,\N,3249
Idaho Falls Regional Airport,KIDA,3250
Igiugig Airport,PAIG,3251
Iliamna Airport,PAIL,3252
Immokalee Regional Airport,KIMM,3253
Imperial County Airport,KIPL,3254
Independence Municipal Airport,KIDP,3255
Indian Mountain LRRS Airport,PAIM,3256
Creech Air Force Base,KINS,3257
Indianapolis International Airport,KIND,3258
Indianapolis Metropolitan Airport,KUMP,3259
Union Station,\N,3260
Falls International Airport,KINL,3261
Inwood Station,\N,3262
Inyokern Airport,KIYK,3263
Iowa City Municipal Airport,KIOW,3264
Iraan Municipal Airport,K2F0,3265
Ford Airport,KIMT,3266
Gogebic Iron County Airport,\N,3267
Irvine Transportation Center,\N,3268
Metropark Amtrak Station,\N,3269
Windigo Harbor Seaplane Dock,\N,3270
Long Island Mac Arthur Airport,KISP,3271
Ithaca Tompkins Regional Airport,KITH,3272
Jackpot,\N,3273
Jackson Hole Airport,KJAC,3274
Jackson-Medgar Wiley Evers International Airport,KJAN,3275
Mc Kellar Sipes Regional Airport,KMKL,3276
Jackson County Reynolds Field,KJXN,3277
Jackson MI Station,\N,3278
Jackson Union Station,\N,3279
Little Rock Air Force Base,KLRF,3280
Jacksonville Naval Air Station,KNIP,3281
New River MCAS /H/ /Mccutcheon Fld/ Airport,KNCA,3282
Jacksonville International Airport,KJAX,3283
Cecil Airport,KVQQ,3284
Jacksonville Station,\N,3285
Jacksonville Executive at Craig Airport,KCRG,3286
Albert J Ellis Airport,KOAJ,3287
Jamestown Regional Airport,KJMS,3288
Chautauqua County-Jamestown Airport,KJHW,3289
Southern Wisconsin Regional Airport,KJVL,3290
Pickens County Airport,KJZP,3291
Jasper County Airport-Bell Field,KJAS,3292
Jackson County Airport,\N,3293
Jefferson City Memorial Airport,KJEF,3294
Jekyll Island Airport,\N,3295
Jesup Wayne County Airport,KJES,3296
John Murtha Johnstown Cambria County Airport,KJST,3297
Johnstown Amtrak,\N,3298
Johnstown Amtrak,\N,3299
Joliet Regional Airport,KJOT,3300
Joliet Union Station,\N,3301
Jonesboro Municipal Airport,KJBR,3302
Joplin Regional Airport,KJLN,3303
Kimble County Airport,KJCT,3304
Juneau International Airport,PAJN,3305
Herbert Glacier,\N,3306
Juneau Cruise Pier,\N,3307
Kahului Airport,PHOG,3308
Kahului Cruise Terminal,\N,3309
Kailua Kona Harbor,\N,3310
Kona Dock,\N,3311
Lee C Fine Memorial Airport,KAIZ,3312
Kake Airport,PAFE,3313
Kake Seaplane Base,\N,3314
Kalamazoo Battle Creek International Airport,KAZO,3315
Kalamazoo Transportation Center,\N,3316
Glacier Park International Airport,KGPI,3317
Kalispell,\N,3318
Kalispell City Airport,\N,3319
Kalskag Airport,PALG,3320
Kaltag Airport,PAKV,3321
Waimea Kohala Airport,PHMU,3322
Kaneohe Bay MCAS (Marion E. Carl Field) Airport,PHNG,3323
Greater Kankakee Airport,KIKK,3324
Kankakee Station,\N,3325
Kansas City International Airport,KMCI,3326
Charles B. Wheeler Downtown Airport,KMKC,3327
Kansas City Union Station,\N,3328
Kalaeloa Airport,PHJR,3329
Karluk Airport,PAKY,3330
Kasigluk Airport,PFKA,3331
Lake Brooks AK,\N,3332
Kearney Municipal Airport,EAR,3333
Dillant Hopkins Airport,KEEN,3334
Southwest Washington Regional Airport,KKLS,3335
Kenai Municipal Airport,PAEN,3336
Kendal Glider Port,\N,3337
Kendall-Tamiami Executive Airport,KTMB,3338
Kenilworth Station,\N,3339
Kenmore Air Harbor Inc Seaplane Base,\N,3340
Kenosha Regional Airport,KENW,3341
Kenosha Station,\N,3342
Kent State Airport,\N,3343
Keokuk Municipal Airport,KEOK,3344
Kern Valley Airport,\N,3345
Kerrville Municipal Louis Schreiner Field,KERV,3346
Ketchikan International Airport,PAKT,3347
Ketchikan harbor Seaplane Base,\N,3348
Neets Bay,\N,3349
Ketchikan Cruise Pier,\N,3350
Naval Air Station Key West/Boca Chica Field,KNQX,3351
Key West International Airport,KEYW,3352
Sugar Loaf Shores Airport,7FA1,3353
Key West Cruise Port,\N,3354
Rushmore Heliport,\N,3355
Bob Baker Memorial Airport,PAIK,3356
First Flight Airport,KFFA,3357
Robert Gray  Army Air Field Airport,KGRK,3358
King City,\N,3359
King Cove Airport,PAVC,3360
King Salmon Airport,PAKN,3361
Kingman Airport,IGM,3362
Kings Park Station,\N,3363
Kingsville Naval Air Station,KNQI,3364
Kinston Regional Jetport At Stallings Field,KISO,3365
Kipnuk Airport,PAKI,3366
Kirksville Regional Airport,KIRK,3367
Kirtland Air Force Base,KIKR,3368
Kissimmee Gateway Airport,KISM,3369
Kitoi Bay Seaplane Base,\N,3370
Kivalina Airport,PAVL,3371
Klamath Falls Airport,KLMT,3372
Klawock Airport,PAKW,3373
Klawock Seaplane Base,PAQC,3374
Whiteman Air Force Base,KSZL,3375
McGhee Tyson Airport,KTYS,3376
Knoxville Downtown Island Airport,KDKX,3377
Kobuk Airport,PAOB,3378
Kodiak Airport,PADQ,3379
Kokomo Municipal Airport,KOKK,3380
Koliganek Airport,PAJZ,3381
Kona International At Keahole Airport,PHKO,3382
Kongiganak Airport,PADY,3383
Kotlik Airport,PFKO,3384
Ralph Wien Memorial Airport,PAOT,3385
Koyuk Alfred Adams Airport,PAKK,3386
Koyukuk Airport,PFKU,3387
Kulik Lake Airport,\N,3388
Ugnu-Kuparuk Airport,PAKU,3389
Kwethluk Airport,PFKW,3390
Kwigillingok Airport,PAGG,3391
La Crosse Municipal Airport,KLSE,3392
La Crosse Amtrak Station,\N,3393
La Grande/Union County Airport,KLGD,3394
La Junta Municipal Airport,KLHX,3395
La Junta Station,\N,3396
La Plata Station,\N,3397
Brackett Field,KPOC,3398
Lafayette Regional Airport,KLFT,3399
Purdue University Airport,KLAF,3400
Barwick Lafayette Airport,\N,3401
Lago Vista Tx Rusty Allen Airport,KRYW,3402
Lagrange Callaway Airport,KLGC,3403
Lahaina Harbor Maui Hawaii,\N,3404
Kapalua Airport,PHJH,3405
Lake Bluff Station,\N,3406
Lake Charles Regional Airport,KLCH,3407
Lake City Gateway Airport,KLCQ,3408
East Lake Forest Station,\N,3409
Grand Geneva Resort Airport,\N,3410
Lake Havasu City Airport,KHII,3411
Minchumina Airport,PAMH,3412
Lake Placid Airport,KLKP,3413
Lake Wales Municipal Airport,\N,3414
Lake Worth Station,\N,3415
Lakehurst Maxfield Field Airport,KNEL,3416
Lakeland Linder Regional Airport,KLAL,3417
South Lakeland Airport,\N,3418
Lakeland Amtrak,\N,3419
Lake County Airport,KLKV,3420
Lakeway Airpark,K3R9,3421
Lamar Municipal Airport,KLAA,3422
Lamar Station,\N,3423
Lampasas Airport,KLZZ,3424
Lanai Airport,PHNY,3425
Lancaster Airport,KLNS,3426
Lancaster Amtrak Station,\N,3427
General WM J Fox Airfield,KWJF,3428
Lancaster Station,\N,3429
Capital City Airport,KLAN,3430
Lansing Municipal Airport,KIGQ,3431
Dupont-Lapeer,\N,3432
Laramie Regional Airport,KLAR,3433
Laredo International Airport,KLRD,3434
Larned Pawnee County Airport,KLQR,3435
Larsen Bay Airport,PALB,3436
Las Cruces International Airport,KLRU,3437
Nellis Air Force Base,KLSV,3438
McCarran International Airport,KLAS,3439
Las Vegas Municipal Airport,KLVS,3440
North Las Vegas Airport,KVGT,3441
Las Vegas Greyhound Bus Station,\N,3442
Arnold Palmer Regional Airport,KLBE,3443
Latrobe Station,\N,3444
Lawrence Municipal Airport,KLWM,3445
Lawrence Municipal Airport,KLWC,3446
Lawrence Station,\N,3447
Lawrence Station,\N,3448
Gwinnett County Briscoe Field,KLZU,3449
Lawton Fort Sill Regional Airport,KLAW,3450
Alitak Seaplane Base,\N,3451
Lebanon Municipal Airport,KLEB,3452
Lebanon State,KS30,3453
Lee Vining,\N,3454
Leesburg Executive Airport,KJYO,3455
Leesburg International Airport,KLEE,3456
Lemoore Naval Air Station (Reeves Field) Airport,KNLC,3457
Levelock Airport,\N,3458
Lewes Ferry Terminal,\N,3459
Greenbrier Valley Airport,KLWB,3460
Lewisburg Bus Stop,LWSB,3461
Lewiston Nez Perce County Airport,KLWS,3462
Auburn Lewiston Municipal Airport,KLEW,3463
Garland Airport,\N,3464
Lewiston Station,\N,3465
Lewistown Municipal Airport,KLWT,3466
Lewistown Amtrak Station,\N,3467
Jim Kelly Field,KLXN,3468
Blue Grass Airport,KLEX,3469
Liberal Mid-America Regional Airport,KLBL,3470
Causey Airport,K2A5,3471
Lihue Airport,PHLI,3472
Lima Allen County Airport,KAOH,3473
Lincoln Airport,KLNK,3474
Lincoln Regional Karl Harder Field,KLHM,3475
Linden Airport,KLDJ,3476
Moyer Field,\N,3477
Ashland-Lineville Airport,\N,3478
Liskeard Station,\N,3479
Bill & Hillary Clinton National Airport/Adams Field,KLIT,3480
Suwannee County Airport,\N,3481
Livermore Municipal Airport,KLVK,3482
Livingood Airport,\N,3483
Mission Field,KLVM,3484
William T. Piper Memorial Airport,KLHV,3485
Lewis University Airport,KLOT,3486
Mallards Landing Airport,GA04,3487
Logan-Cache Airport,KLGU,3488
Lombard Station,\N,3489
Vandenberg Air Force Base,KVBG,3490
Lompoc Airport,KLPC,3491
London-Corbin Airport/Magee Field,KLOZ,3492
Madison County Airport,KUYF,3493
Tri-County Regional Airport,KLNR,3494
Long Beach /Daugherty Field/ Airport,KLGB,3495
Long Beach,LBNY,3496
Long Lake,\N,3497
East Texas Regional Airport,KGGG,3498
Longview Ranch Airport,OG39,3499
Lopez Island Airport,S31,3500
Lorain County Regional Airport,KLPR,3501
Los Alamos Airport,KLAM,3502
Los Angeles International Airport,KLAX,3503
Los Angeles San Pedro Cruise Terminal,\N,3504
Los Angeles Union Station,\N,3505
Whiteman Airport,KWHP,3506
Acadiana Regional Airport,KARA,3507
Bowman Field,KLOU,3508
Louisville International Standiford Field,KSDF,3509
Derby Field,KLOL,3510
Lowell City Airport,\N,3511
Lubbock Preston Smith International Airport,KLBB,3512
Mason County Airport,KLDM,3513
Ludington Ferry Terminal,\N,3514
Angelina County Airport,KLFK,3515
Lumberton Regional Airport,KLBT,3516
Luray Caverns Airport,KLUA,3517
Lynchburg Regional Preston Glenn Field,KLYH,3518
Falwell,KW24,3519
Lynden Airport,\N,3520
Central Square - Lynn Station,\N,3521
Mackinac Island Airport,\N,3522
Mackinac Island Dock,\N,3523
Mc Minnville Municipal Airport,KMMV,3524
Macomb Municipal Airport,\N,3525
Menominee Marinette Twin County Airport,KMNM,3526
Middle Georgia Regional Airport,KMCN,3527
Robins Air Force Base,KWRB,3528
Madera Municipal Airport,KMAE,3529
Dane County Regional Truax Field,KMSN,3530
Madison Municipal Airport,K52A,3531
Madison NJT Station,MDSN,3532
Malad City Airport,KMLD,3533
Mammoth Yosemite Airport,KMMH,3534
Manassas Regional Airport/Harry P. Davis Field,KHEF,3535
Manchester by the Sea Station,\N,3536
Manchester Airport,KMHT,3537
Mangonia Park Station,\N,3538
Manhattan Regional Airport,KMHK,3539
Manistee Co Blacker Airport,KMBL,3540
Manitowoc Ferry Terminal,\N,3541
Mankato Regional Airport,KMKT,3542
Manley Hot Springs Airport,PAML,3543
Manokotak Airport,PAMB,3544
Mansfield Lahm Regional Airport,KMFD,3545
Mansfield Municipal,\N,3546
Dare County Regional Airport,KMQI,3547
Dare County Regional Airport,\N,3548
Maplewood NJT Station,MPLD,3549
Pinal Airpark,KMZJ,3550
The Florida Keys Marathon Airport,KMTH,3551
Marco Island Airport,KMKY,3552
Marfa Municipal Airport,KMRF,3553
Dobbins Air Reserve Base,KMGE,3554
Williamson County Regional Airport,KMWA,3555
Mariposa Yosemite Airport,KMPI,3556
Marquette Airport,KMQT,3557
Marshall Don Hunter Sr Airport,PADM,3558
Brooks Field,KRMY,3559
Marshall Aiport,\N,3560
Marshfield Municipal George Harlow Field,KGHG,3561
Marshfield Municipal Airport,KMFI,3562
Eastern WV Regional Airport/Shepherd Field,KMRB,3563
Hurlburt Field,KHRT,3564
Beale Air Force Base,KBAB,3565
Union County Airport,KMRT,3566
Mason City Municipal Airport,KMCW,3567
Massena International Richards Field,KMSS,3568
Desert Aire Airport,KM94,3569
Mattoon Amtrak,\N,3570
Naval Station Mayport (Admiral David L. Mcdonald Field),KNRB,3571
Lost River Resort Airport,\N,3572
Mc Comb/Pike County Airport/John E Lewis Field,KMCB,3573
Mc Pherson Airport,KMPR,3574
Mc Alester Regional Airport,KMLC,3575
Mc Allen Miller International Airport,KMFE,3576
McCall Municipal Airport,KMYL,3577
McCarthy Airport,\N,3578
Amtrak Station,MCMB,3579
Mc Cook Ben Nelson Regional Airport,KMCK,3580
McGrath Airport,PAMC,3581
McKinley National Park Airport,PAIN,3582
Meade Municipal Airport,KMEJ,3583
Burrello-Mechanicville Airport,\N,3584
Rogue Valley International Medford Airport,KMFR,3585
Mekoryuk Airport,PAMY,3586
Melbourne International Airport,KMLB,3587
Melrose Park Station,\N,3588
Pinelawn Station,\N,3589
Memphis International Airport,KMEM,3590
General Dewitt Spain Airport,KM01,3591
Mendota Union Depot,\N,3592
Menlo Park Station,\N,3593
Castle Airport,KMER,3594
Merced Regional Macready Field,KMCE,3595
Desert Rock Airport,KDRA,3596
Meriden Markham Municipal Airport,KMMK,3597
Meridian Naval Air Station,KNMM,3598
Key Field,KMEI,3599
Phoenix-Mesa-Gateway Airport,KIWA,3600
Falcon Field,KFFZ,3601
Metlakatla Seaplane Base,PAMM,3602
Mexia - Limestone County Airport,\N,3603
Miami International Airport,KMIA,3604
Dade Collier Training and Transition Airport,KTNT,3605
Opa-locka Executive Airport,KOPF,3606
Miami Cruise Terminal,\N,3607
Miami Seaplane Base,\N,3608
Michigan City Municipal Airport,KMGC,3609
Carroll Avenue NICTD Station,\N,3610
Michigan City Amtrak Station,\N,3611
Randall Airport,\N,3612
Midland International Airport,KMAF,3613
Frank Wiley Field,KMLS,3614
Milford Station,\N,3615
Millbrae Intermodal Terminal,\N,3616
SFO BART Station,\N,3617
Baldwin County Airport,KMLJ,3618
Millington Regional Jetport Airport,KNQA,3619
Millinocket Municipal Airport,KMLT,3620
Millville Municipal Airport,KMIV,3621
Whiting Field Naval Air Station - North,KNSE,3622
General Mitchell International Airport,KMKE,3623
Lawrence J Timmerman Airport,KMWC,3624
Milwaukee Airport Station,\N,3625
Milwaukee Intermodal Station,\N,3626
Mineola Station,\N,3627
Mineral Wells Airport,KMWL,3628
Minneapolis-St Paul International/Wold-Chamberlain Airport,KMSP,3629
Target Field Metro Transit Station,\N,3630
Lakeland-Noble F. Lee Memorial field,KARV,3631
Minot International Airport,KMOT,3632
Minot Air Force Base,KMIB,3633
Minot Train Station,\N,3634
Minto Airport,\N,3635
Miramar Marine Corps Air Station - Mitscher Field,KNKX,3636
Mesquite Metro Airport,KHQZ,3637
Missoula International Airport,KMSO,3638
Canyonlands Field,KCNY,3639
Mobile Downtown Airport,KBFM,3640
Mobile Regional Airport,KMOB,3641
Mobile Airport,1AZ0,3642
Mobridge Municipal Airport,KMBG,3643
Modesto City Co-Harry Sham Field,KMOD,3644
Mojave Airport,KMHV,3645
Quad City International Airport,KMLI,3646
Molokai Airport,PHMK,3647
Kalaupapa Airport,PHLU,3648
Monroe Regional Airport,KMLU,3649
Monroe Municipal Airport,KEFT,3650
Pittsburgh-Monroeville Airport,\N,3651
Montauk Airport,KMTP,3652
Monterey Peninsula Airport,KMRY,3653
Maxwell Air Force Base,KMXF,3654
Montgomery Regional (Dannelly Field) Airport,KMGM,3655
Orange County Airport,KMGJ,3656
Montgomery Union Station,\N,3657
Monticello Municipal Ellis Field,KLLQ,3658
Edward F Knapp State Airport,KMPV,3659
Montrose Regional Airport,KMTJ,3660
Monument Valley Airport,UT25,3661
Foothills Regional Airport,KMRN,3662
Morgantown Municipal Walter L. Bill Hart Field,KMGW,3663
Morgantown Airport,\N,3664
Morristown Municipal Airport,KMMU,3665
San Agustin Airport,MRST,3666
Morrisville Stowe State Airport,KMVL,3667
Moser Bay Seaplane Base,\N,3668
Moultrie Municipal Airport,\N,3669
Selfridge Angb Airport,KMTC,3670
South Jersey Regional Airport,KVAY,3671
Mount Laurel Greyhound Station,\N,3672
Mt Pleasant Regional-Faison field,KLRO,3673
Pocono Mountains Municipal Airport,KMPO,3674
Mount Sterling Montgomery County Airport,KIOB,3675
Mount Vernon,\N,3676
Mountain Home Air Force Base,KMUO,3677
Mountain Home Municipal Airport,\N,3678
Ozark Regional Airport,KBPK,3679
Moffett Federal Airfield,KNUQ,3680
Downtown Mountain View Station,\N,3681
San Antonio Station,\N,3682
San Antonio Caltrain Station,\N,3683
Mountain Village Airport,PAMO,3684
Muir Army Air Field (Fort Indiantown Gap) Airport,KMUI,3685
Delaware County Johnson Field,KMIE,3686
French Valley Airport,\N,3687
French Valley Airport,KF70,3688
Northwest Alabama Regional Airport,KMSL,3689
Muskegon County Airport,KMKG,3690
Davis Field,KMKO,3691
Myrtle Beach International Airport,KMYR,3692
Nantucket Memorial Airport,KACK,3693
Straight Warf,\N,3694
Napa County Airport,KAPC,3695
Napakiak Airport,PANA,3696
Napaskiak Airport,PAPK,3697
Naperville Station,\N,3698
Naples Municipal Airport,KAPF,3699
Nappanee Municipal Airport,KC03,3700
Boire Field,KASH,3701
Nashville International Airport,KBNA,3702
Kauai Cruise Terminal Nawiliwili,\N,3703
Needle,\N,3704
Needles Airport,KEED,3705
Nelson Lagoon Airport,PAOU,3706
Nenana Municipal Airport,PANN,3707
Neodesha Municipal Airport,K2K7,3708
New Bedford Regional Airport,KEWB,3709
Coastal Carolina Regional Airport,KEWN,3710
New Brunswick Station,NBWK,3711
New Buffalo Station,\N,3712
New Carrollton Rail Station,\N,3713
New Castle Henry Co. Municipal Airport,KUWL,3714
Tweed New Haven Airport,KHVN,3715
New Haven Rail Station,\N,3716
New Haven State Street Station,\N,3717
New Hyde Park Station,\N,3718
Morris Canal Basin,\N,3719
Laraway Road,\N,3720
New London Union Station,\N,3721
New Orleans NAS JRB/Alvin Callender Field,KNBG,3722
Louis Armstrong New Orleans International Airport,KMSY,3723
Lakefront Airport,KNEW,3724
Union Passenger Terminal,\N,3725
Canal at Carondelet Streetcar Stop,\N,3726
St. Charles at Lee Circle Streetcar Stop,\N,3727
St. Charles at Louisiana Streetcar Stop,\N,3728
St. Charles at Jefferson Streetcar Stop,\N,3729
St. Charles at S. Carrollton Streetcar Stop,\N,3730
S. Carrollton at S. Claiborne Streetcar Stop,\N,3731
Harry Clever Field,KPHD,3732
New Richmond Regional Airport,KRNH,3733
New Rochelle Amtrak Station,\N,3734
New Stuyahok Airport,PANW,3735
La Guardia Airport,KLGA,3736
John F Kennedy International Airport,KJFK,3737
Wall Street Heliport,KJRB,3738
East 34th Street Heliport,NONE,3739
Penn Station,\N,3740
West 30th St. Heliport,KJRA,3741
Indianola Municipal Airport,KIDL,3742
Port Authority Bus Terminal,NYPA,3743
NEW YORK CRUISE TERMINAL PIER 92,\N,3744
One Police Plaza Heliport,NK39,3745
All Airports,\N,3746
Grand Central Terminal,\N,3747
Tremont,\N,3748
Port Authority,\N,3749
Harlem-125th Street Station,\N,3750
Jamaica Station,\N,3751
Woodside Station,\N,3752
Fordham Station,\N,3753
Richmond Valley Staten Island Railway Station,\N,3754
Grasmere Staten Island Railway Station,\N,3755
Bay Ridge 95th Street Station,\N,3756
Parkchester Station,\N,3757
George Washington Bridge Bus Station,\N,3758
Court Square,\N,3759
Chambers Street - World Trade Center - Park Place,\N,3760
Prospect Ave. BMT 4th Ave. Line,\N,3761
Mets Willets Point Station,\N,3762
Newark Liberty International Airport,KEWR,3763
Newark Penn Station,\N,3764
Luce County Airport,KERY,3765
Stewart International Airport,KSWF,3766
Plum Island Airport,\N,3767
Newnan Coweta County Airport,KCCO,3768
Newport Municipal Airport,KONP,3769
Harbor,\N,3770
Newport News Williamsburg International Airport,KPHF,3771
Newport News Amtrak Station,\N,3772
Newport State,\N,3773
Newtok Airport,\N,3774
Newton City-County Airport,KEWK,3775
Newton Station,\N,3776
Niagara Falls International Airport,KIAG,3777
Niagara Falls Station,\N,3778
Nightmute Airport,PAGT,3779
Nikolai Airport,PAFS,3780
Nikolski Air Station,PAKO,3781
Niles Station,\N,3782
Noatak Airport,PAWN,3783
Nogales International Airport,KOLS,3784
Nome Airport,PAOM,3785
Nondalton Airport,PANO,3786
Robert (Bob) Curtis Memorial Airport,PFNO,3787
Norfolk International Airport,KORF,3788
Norfolk Ns (Chambers Fld) Airport,KNGU,3789
Norfolk Station,\N,3790
Karl Stefan Memorial Airport,KOFK,3791
Southwest Oregon Regional Airport,KOTH,3792
North Chicago Station,\N,3793
North Falmouth Railroad Station,\N,3794
Quonset State Airport,KOQU,3795
Grand Strand Airport,KCRE,3796
North Platte Regional Airport Lee Bird Field,KLBF,3797
North Whale Seaplane Base,\N,3798
Wilkes County Airport,KUKF,3799
Northway Airport,PAOR,3800
South Norwalk Station,\N,3801
Norwood Memorial Airport,KOWD,3802
Marin County Airport - Gnoss Field,KDVO,3803
Nuiqsut Airport,PAQT,3804
Nulato Airport,PANU,3805
Spirit of St Louis Airport,KSUS,3806
Rough River State Park Airport,K2I3,3807
Sheldon Point Airport,\N,3808
Nunapitchuk Airport,\N,3809
Brunswick County Airport,KSUT,3810
Oak Lawn Train Station,\N,3811
Oak Park Station,\N,3812
Oakdale Airport,\N,3813
Metropolitan Oakland International Airport,KOAK,3814
Oakland Jack London Square Station,\N,3815
Oryol Yuzhny Airport,UUOR,3816
Ocala International Airport - Jim Taylor Field,KOCF,3817
Union Station,\N,3818
Odell Williamson Municipal,\N,3819
Ocean Reef Club Airport,07FA,3820
Ocean Shores Municipal,KW04,3821
Oceana NAS,KNTU,3822
Oceano County Airport,KL52,3823
Oconomowoc Airport,0WI8,3824
Hill Air Force Base,KHIF,3825
Ogden Hinckley Airport,KOGD,3826
Ogdensburg International Airport,KOGS,3827
Okeechobee County Airport,KOBE,3828
Okeechobee Amtrak Station,\N,3829
Tinker Air Force Base,KTIK,3830
Will Rogers World Airport,KOKC,3831
Wiley Post Airport,KPWA,3832
Okmulgee Regional Airport,KOKM,3833
New Century Aircenter Airport,KIXD,3834
Johnson County Executive Airport,KOJC,3835
Old Harbor Airport,\N,3836
Old Saybrook Amtrak Station,\N,3837
Olga Bay Seaplane Base,\N,3838
Olive Branch Airport,KOLV,3839
Olympia Regional Airport,KOLM,3840
Centennial Station-Amtrak,\N,3841
Eppley Airfield,KOMA,3842
Offutt Air Force Base,KOFF,3843
Oneonta Municipal Airport,\N,3844
Ontario International Airport,KONT,3845
Ontario Municipal Airport,KONO,3846
Opa-locka Station,\N,3847
Upolu Airport,PHUP,3848
Orangeburg Municipal Airport,KOGB,3849
Orient Point Ferry Terminal,\N,3850
Orlando Executive Airport,KORL,3851
Orlando International Airport,KMCO,3852
Orlando,\N,3853
Amtrak Station,\N,3854
Apopka,\N,3855
Ormond Beach Municipal Airport,KOMN,3856
Oscoda Wurtsmith Airport,KOSC,3857
Wittman Regional Airport,KOSH,3858
Ottumwa Regional Airport,KOTM,3859
Ouzinkie Airport,\N,3860
Owensboro Daviess County Airport,KOWB,3861
Miami University Airport,\N,3862
Waterbury Oxford Airport,KOXC,3863
Henderson Oxford Airport,KHNZ,3864
University Oxford Airport,KUOX,3865
Oxnard Airport,KOXR,3866
Blackwell Field,\N,3867
Ozona Municipal Airport,KOZA,3868
Packwood,K55S,3869
Barkley Regional Airport,KPAH,3870
Page Municipal Airport,KPGA,3871
Pahokee Airport,\N,3872
Palm Beach County Glades Airport,KPHK,3873
Palacios Municipal Airport,KPSX,3874
Palatka Amtrak Station,\N,3875
North Palm Beach County General Aviation Airport,\N,3876
Palm Springs International Airport,KPSP,3877
Jacqueline Cochran Regional Airport,KTRM,3878
Bermuda Dunes Airport,KUDD,3879
Palmdale Regional/USAF Plant 42 Airport,KPMD,3880
Palmer Municipal Airport,PAAQ,3881
Palo Alto Airport of Santa Clara County,KPAO,3882
Palo Alto Station,\N,3883
California Ave. Station,\N,3884
Tyndall Air Force Base,KPAM,3885
Panama City-Bay Co International Airport,KPFN,3886
Northwest Florida Beaches International Airport,KECP,3887
Paoli Station,\N,3888
Cox Field,KPRX,3889
Park City,\N,3890
Mid Ohio Valley Regional Airport,KPKB,3891
Tri Cities Airport,KPSC,3892
Paso Robles Municipal Airport,KPRB,3893
Patuxent River Naval Air Station/Trapnell Field Aiport,KNHK,3894
Grand Canyon West Airport,\N,3895
Pecos Municipal Airport,KPEQ,3896
Spitfire Aerodrome,\N,3897
Pedro Bay Airport,\N,3898
Pelican Seaplane Base,\N,3899
Pellston Regional Airport of Emmet County Airport,KPLN,3900
Pembina Municipal Airport,KPMB,3901
Eastern Oregon Regional At Pendleton Airport,KPDT,3902
Pensacola Naval Air Station/Forrest Sherman Field,KNPA,3903
Pensacola Regional Airport,KPNS,3904
General Wayne A. Downing Peoria International Airport,KPIA,3905
Perry-Foley Airport,\N,3906
Perry Municipal Airport,KF22,3907
Perry Houston County Airport,KPXE,3908
Perryville Airport,PAPE,3909
Grissom Air Reserve Base,KGUS,3910
Illinois Valley Regional Airport-Walter A Duncan Field,KVYS,3911
Petersburg James A Johnson Airport,PAPG,3912
Dinwiddie County Airport,KPTB,3913
Petersburg Amtrak,\N,3914
Northeast Philadelphia Airport,KPNE,3915
Philadelphia International Airport,KPHL,3916
Philadelphia 30th St Station,\N,3917
North Philadelphia Amtrak Station,\N,3918
Wings Field,KLOM,3919
Holmesburg Jct Station,HOLM,3920
Price County Airport,KPBH,3921
Phoenix Sky Harbor International Airport,KPHX,3922
Luke Air Force Base,KLUF,3923
Ak-Chin Regional Airport,KA39,3924
Phoenix Deer Valley Airport,KDVT,3925
Pierre Regional Airport,KPIR,3926
Pike County-Hatcher Field,KPBX,3927
Pilot Point Airport,PAPN,3928
Pilot Station Airport,\N,3929
Grider Field,KPBF,3930
Harris County Airport,KPIM,3931
Ralph Wenz Field,KPNA,3932
Moore County Airport,KSOP,3933
Kee Field,KI16,3934
Pittsburgh International Airport,KPIT,3935
Allegheny County Airport,KAGC,3936
Pittsburgh Amtrak,\N,3937
Sky Manor,\N,3938
Placerville,\N,3939
Coral Creek Airport,FA54,3940
Robertson Field,\N,3941
Plattsburgh International Airport,KPBG,3942
Plymouth Municipal Airport,KPYM,3943
Plymouth Municipal Airport,\N,3944
Pocatello Regional Airport,KPIH,3945
Point Baker Seaplane Base,\N,3946
St George Airport,PAPB,3947
Point Hope Airport,PPHO,3948
Point Lay LRRS Airport,PPIZ,3949
Point Mugu Naval Air Station (Naval Base Ventura Co),KNTD,3950
Point Roberts Airpark,K1RL,3951
Pompano Beach Airpark,KPMP,3952
Pompano Beach Station,\N,3953
Ponca City Regional Airport,KPNC,3954
Oakland County International Airport,KPTK,3955
Poplar Bluff Municipal Airport,KPOF,3956
Port Alsworth Airport,PALJ,3957
Port Angeles Cgas Airport,KNOW,3958
William R Fairchild International Airport,KCLM,3959
Port Bailey Seaplane Base,\N,3960
Port Clarence Coast Guard Station,PAPC,3961
Carl R Keller Field,KPCW,3962
Port Heiden Airport,PAPH,3963
St Clair County International Airport,KPHN,3964
Port Jefferson Ferry Dock,\N,3965
Port Jefferson Station,\N,3966
Port Lions Airport,\N,3967
Platinum Airport,PAPM,3968
Port O'Connor Private Airport,XS46,3969
Port Oceanic Airport,\N,3970
Port Protection Seaplane Base,\N,3971
Jefferson County Intl,\N,3972
Jefferson County Intl,\N,3973
Port Williams Seaplane Base,\N,3974
Portage Municipal Airport,\N,3975
Portage Amtrak Station,\N,3976
Portland International Airport,KPDX,3977
Portland International Jetport Airport,KPWM,3978
Portland Union Station,\N,3979
Portsmouth International at Pease Airport,KPSM,3980
Robert S Kerr Airport,KRKR,3981
Metro-North Station,PKPS,3982
Dutchess County Airport,KPOU,3983
Pratt Regional Airport,KPTT,3984
Ernest A. Love Field,KPRC,3985
Northern Maine Regional Airport at Presque Isle,KPQI,3986
Carbon County Regional/Buck Davis Field,KPUC,3987
Princeton Municipal Airport,KPNM,3988
Princeton Station,\N,3989
Princeton,\N,3990
Princeton Junction,\N,3991
Prineville Airport,KS39,3992
Prospect Creek Airport,PAPR,3993
Prosser Airport,KS40,3994
Theodore Francis Green State Airport,KPVD,3995
Providence Station,\N,3996
Provincetown Municipal Airport,KPVC,3997
Provo Municipal Airport,KPVU,3998
Pueblo Memorial Airport,KPUB,3999
Pullman Moscow Regional Airport,KPUW,4000
Charlotte County Airport,KPGD,4001
Put-in-Bay Airport,\N,4002
Quakertown Airport,KUKT,4003
Quantico MCAF /Turner field,KNYG,4004
Quantico Station,\N,4005
Floyd Bennett Memorial Airport,KGFL,4006
Quincy Regional Baldwin Field,KUIN,4007
Quincy Municipal Airport,\N,4008
Quinhagak Airport,PAQH,4009
Clarke County Airport,K23M,4010
John H Batten Airport,KRAC,4011
Racine North Shore Station,\N,4012
Raleigh Amtrak Station,\N,4013
Raleigh Durham International Airport,KRDU,4014
Ramona Airport,KRNM,4015
Rampart Airport,\N,4016
Rancho Murieta Airport,KRIU,4017
Rantoul Station,\N,4018
Ellsworth Air Force Base,KRCA,4019
Rapid City Regional Airport,KRAP,4020
Raton Amtrak,\N,4021
Rawlins Municipal Airport/Harvey Field,KRWL,4022
Reading Regional Carl A Spaatz Field,KRDG,4023
Red Bluff Municipal Airport,KRBL,4024
Red Devil Airport,\N,4025
Grand Forks Air Force Base,KRDR,4026
Redding Municipal Airport,KRDD,4027
Redlands Municipal Airport,KREI,4028
Roberts Field,KRDM,4029
Redstone Army Air Field,KHUA,4030
Redwood City Station,\N,4031
Redwood Falls Municipal Airport,KRWF,4032
Albany-Rennselaer Amtrak Station,\N,4033
Reno Tahoe International Airport,KRNO,4034
Reno Amtrak Station,\N,4035
Renton Municipal Airport,KRNT,4036
Ferry County Airport,\N,4037
Old Rhinebeck Airport,NY94,4038
Rhinecliff-Kingston Amtrak Station,\N,4039
Rhinelander Oneida County Airport,KRHI,4040
Richfield Municipal Airport,KRIF,4041
Richland Airport,\N,4042
Richland Center Station,\N,4043
Richmond International Airport,KRIC,4044
Richmond Municipal Airport,KRID,4045
Train Station,\N,4046
Richmond Staples Mill Road Station,\N,4047
Chesterfield County Airport,KFCI,4048
Richmond BART Station,\N,4049
Cuyahoga County Airport,KCGF,4050
Ridgeland Airport,\N,4051
Ridgely Airpark,KRJD,4052
Garfield County Regional Airport,KRIL,4053
River Forest Station,\N,4054
River Ranch Resort Airport,\N,4055
Riverside Municipal Airport,KRAL,4056
March ARB Airport,KRIV,4057
Flabob Airport,KRIR,4058
Riverton Regional Airport,KRIW,4059
Roanoke–Blacksburg Regional Airport,KROA,4060
Robinson Army Air Field,KRBM,4061
Roche Harbor Seaplane Base,\N,4062
Greater Rochester International Airport,KROC,4063
Rochester International Airport,KRST,4064
Skyhaven Airport,KDAW,4065
Rochester Station,\N,4066
Rock Hill - York County Airport,KUZA,4067
Rock Springs Sweetwater County Airport,KRKS,4068
Chicago Rockford International Airport,KRFD,4069
Rockford Van Galder Terminal,\N,4070
Richmond County Airport,KRCZ,4071
Knox County Regional Airport,KRKD,4072
Aransas County Airport,KRKP,4073
Rockport Station,\N,4074
Rockville Amtrak Station,\N,4075
Rocky Mount Wilson Regional Airport,KRWI,4076
Rocky Mount Amtrak Station,\N,4077
Griffiss International Airport,KRME,4078
Richard B Russell Airport,KRMG,4079
Rome Amtrak Station,\N,4080
Rosario Seaplane Base,\N,4081
Rosecrans Memorial Airport,KSTJ,4082
Roseville station ,\N,4083
Roswell International Air Center Airport,KROW,4084
Person County Airport,KTDF,4085
Ruby Airport,PARY,4086
Sierra Blanca Regional Airport,KSRR,4087
Russell Municipal Airport,KRSL,4088
Russian Mission Airport,PARS,4089
Rutland - Southern Vermont Regional Airport,KRUT,4090
Sabetha Municipal Airport,KK83,4091
Sacramento Mather Airport,KMHR,4092
Sacramento Executive Airport,KSAC,4093
Mc Clellan Airfield,KMCC,4094
Sacramento International Airport,KSMF,4095
Sacramento Amtrak Station,\N,4096
Safford Regional Airport,KSAD,4097
MBS International Airport,KMBS,4098
St Cloud Regional Airport,KSTC,4099
St George Municipal Airport,KSGU,4100
Saint Paul Union Depot,\N,4101
Salem Municipal Airport/McNary Field,KSLE,4102
Salem Station,\N,4103
Salem Ferry Dock,\N,4104
Salem Station,\N,4105
Salina Municipal Airport,KSLN,4106
Salinas Municipal Airport,KSNS,4107
Salisbury Ocean City Wicomico Regional Airport,KSBY,4108
Sallisaw Municipal Airport,KJSV,4109
Lemhi County Airport,KSMN,4110
Salt Lake City International Airport,KSLC,4111
Comarapa Airport,SLCR,4112
Saluda County Airport,K6J4,4113
San Angelo Regional Mathis Field,KSJT,4114
San Antonio International Airport,KSAT,4115
Lackland Air Force Base,KSKF,4116
Randolph Air Force Base,KRND,4117
Kestrel Airpark,K1T7,4118
San Bernardino International Airport,KSBD,4119
San Bruno Station,\N,4120
San Bruno BART Station,\N,4121
San Carlos Airport,KSQL,4122
San Carlos Station,\N,4123
San Clemente Island Naval Auxiliary Landing Field,KNUC,4124
North Island Naval Air Station-Halsey Field,KNZY,4125
San Diego International Airport,KSAN,4126
Brown Field Municipal Airport,KSDM,4127
Montgomery Field,NULL,4128
Sorrento Valley Station,\N,4129
San Diego Union Station,\N,4130
B Street Cruise Terminal,SANB,4131
San Diego Old Town Transit Center,\N,4132
San Francisco International Airport,KSFO,4133
San Francisco 4th and King St. Station,\N,4134
22nd St. Station,\N,4135
Bayshore Station,\N,4136
Ocean Beach Muni Metro Station,\N,4137
Embarcadero Station,\N,4138
Balboa Park Station,\N,4139
24th Street Mission BART Station,\N,4140
16th Street Mission BART Station,\N,4141
Civic Center - UN Plaza Station,\N,4142
Norman Y. Mineta San Jose International Airport,KSJC,4143
Reid Hillview,\N,4144
Reid-Hillview Airport of Santa Clara County,KRHV,4145
San Juan - Uganik Seaplane Base,\N,4146
Scappoose Industrial Airpark,KSPB,4147
San Luis County Regional Airport,KSBP,4148
San Marcos Municipal Airport,KHYI,4149
San Mateo Station,\N,4150
Hayward Park Station,\N,4151
Hillsdale Station,\N,4152
San Nicolas Island Nolf Airport,KNSI,4153
Sand Point Airport,PASD,4154
Griffing Sandusky Airport,KSKY,4155
Sandusky Station,\N,4156
Orlando Sanford International Airport,KSFB,4157
Sanford Regional,\N,4158
John Wayne Airport-Orange County Airport,KSNA,4159
El Toro Marine Corps Air Station,KNZJ,4160
Emanuel County Airport,KSBO,4161
Santa Barbara Municipal Airport,KSBA,4162
Santa Barbara Train Station,\N,4163
Santa Clarita - CA,STCL,4164
Santa Fe Municipal Airport,KSAF,4165
Santa Maria Pub/Capt G Allan Hancock Field,KSMX,4166
Santa Monica Municipal Airport,KSMO,4167
Charles M. Schulz Sonoma County Airport,KSTS,4168
Adirondack Regional Airport,KSLK,4169
Sarasota Bradenton International Airport,KSRQ,4170
Shively Field,KSAA,4171
Chippewa County International Airport,KCIU,4172
SFO Helicopter,\N,4173
Savannah Hilton Head International Airport,KSAV,4174
Savannah Cruise Terminal,\N,4175
Savannah Amtrak Station,\N,4176
Savoonga Airport,PASA,4177
Scammon Bay Airport,PACM,4178
Schaumburg Regional,\N,4179
Schenectady Amtrak Station,\N,4180
Schenectady Amtrak Station,\N,4181
Schenectady County Airport,KSCH,4182
Scott City Municipal Airport,KTQK,4183
Western Neb. Rgnl/William B. Heilig Airport,KBFF,4184
Scottsdale Airport,KSDL,4185
Wilkes Barre Scranton International Airport,KAVP,4186
El Almendro Airport,SCRT,4187
Seal Bay Seaplane Base,\N,4188
Seattle Tacoma International Airport,KSEA,4189
Boeing Field King County International Airport,KBFI,4190
Kenmore Air Harbor Seaplane Base,KW55,4191
Seattle Cruise Terminal,\N,4192
Seattle King Street Station,\N,4193
Seattle Pier 52,\N,4194
King St Station,SEAT,4195
Seattle Pier 69 - Victoria Clipper,\N,4196
Port of Seattle,PSEA,4197
Seattle Center Monorail,\N,4198
Westlake Center Monorail,\N,4199
WSF Terminal Pier 52,\N,4200
SEA Seaplane,\N,4201
Seattle Cruise Terminal,\N,4202
Sebastian Municipal,\N,4203
Sebring Regional Airport,KSEF,4204
Sebring Station,\N,4205
Secaucus Junction,\N,4206
Sedona Airport,KSEZ,4207
Selawik Airport,PASK,4208
Craig Field,KSEM,4209
Selfield Airport,KSES,4210
Finger Lakes Regional Airport,\N,4211
Franklin County Airport,KUOS,4212
Seward Airport,PAWD,4213
Seward Train Station,\N,4214
Shageluk Airport,PAHX,4215
Shaktoolik Airport,PFSH,4216
Sheboygan County Memorial Airport,KSBM,4217
Shelby County Airport,K2H0,4218
Turkey Mountain Estates Airport,MO00,4219
Sanderson Field,KSHN,4220
Eareckson Air Station,PASY,4221
Sheridan County Airport,KSHR,4222
Shishmaref Airport,PASH,4223
Show Low Regional Airport,KSOW,4224
Shreveport Regional Airport,KSHV,4225
Barksdale Air Force Base,KBAD,4226
Shreveport Downtown Airport,KDTN,4227
Shungnak Airport,PAGH,4228
Sidney Richland Municipal Airport,KSDY,4229
Sidney Municipal-Lloyd W Carr Field,KSNY,4230
Sikeston Memorial Municipal Airport,KSIK,4231
Grant County Airport,SVC,4232
Silver Springs Airport,KSPZ,4233
Silverton,\N,4234
Simi Valley Train Station,\N,4235
Sioux Gateway Col. Bud Day Field,KSUX,4236
Joe Foss Field Airport,KFSD,4237
Sitka Rocky Gutierrez Airport,PASI,4238
Chatham Seaplane Base,\N,4239
Skagway Airport,PAGY,4240
Skagway Cruise Pier,\N,4241
Sleetmute Airport,PASL,4242
North Central State Airport,KSFZ,4243
Smithtown Station,\N,4244
Smyrna Airport,KMQY,4245
Harvey Field S43,\N,4246
Snowshoe Mountain Ski Resort,\N,4247
Soldotna Airport,PASX,4248
Lake Cumberland Regional Airport,KSME,4249
Somerset County Airport,\N,4250
Somerset Airport,KSMQ,4251
Sonora Municipal Airport,KSOA,4252
South Bend Regional Airport,KSBN,4253
South Bend Station,\N,4254
South Haven Area Regional Airport,KLWA,4255
Lake Tahoe Airport,KTVL,4256
South Naknek Nr 2 Airport,PFWS,4257
South San Francisco Station,\N,4258
South San Francisco BART Station,\N,4259
Southeast,STHT,4260
Elizabeth Field,\N,4261
Sparrevohn LRRS Airport,PASV,4262
Black Hills Airport-Clyde Ice Field,KSPF,4263
Spencer Municipal Airport,KSPW,4264
Spokane International Airport,KGEG,4265
Fairchild Air Force Base,KSKA,4266
Felts Field,KSFF,4267
Spokane Amtrak Station,\N,4268
Abraham Lincoln Capital Airport,KSPI,4269
Springfield Branson National Airport,KSGF,4270
Springfield-Beckley Municipal Airport,KSGH,4271
Springfield IL Amtrak,\N,4272
Springfield Amtrak Station,\N,4273
Hartness State,\N,4274
St Ignace Ferry Terminal,\N,4275
St Mary's Airport,PASM,4276
St. Augustine Airport,\N,4277
Northeast Florida Regional Airport,KSGJ,4278
St. George Airport,\N,4279
St. Ignace Ferry Dock,\N,4280
St. James Station,\N,4281
Lambert St Louis International Airport,KSTL,4282
St. Louis Amtrak - old,\N,4283
St. Louis Gateway Transportation Center,\N,4284
Gateway Multimodal Transportation Center,\N,4285
Fortman Airport,\N,4286
St Michael Airport,PAMK,4287
St Paul Downtown Holman Field,KSTP,4288
Saint Paul Union Depot,\N,4289
St Paul Island Airport,PASN,4290
Albert Whitted Airport,KSPG,4291
St Petersburg Clearwater International Airport,KPIE,4292
Stamford Amtrak Station,\N,4293
University Park Airport,KUNV,4294
Statesville Regional Airport,KSVH,4295
Steamboat Springs Bob Adams Field,KSBS,4296
Stebbins Airport,\N,4297
Stehekin State Airport,\N,4298
Stephenville Clark Regional Airport,KSEP,4299
Sterling Municipal Airport,KSTK,4300
Spring Hill Airport,\N,4301
Jefferson County Airpark,\N,4302
Stevens Point Municipal Airport,KSTE,4303
Stevens Village Airport,\N,4304
Bay Bridge,\N,4305
Shoestring Aviation Airfield,\N,4306
Stillwater Regional Airport,KSWO,4307
Stinson Municipal Airport,KSSF,4308
Stockton Metropolitan Airport,KSCK,4309
Stony Brook Station,\N,4310
Stony River 2 Airport,\N,4311
Stormville Airport,\N,4312
Igor I Sikorsky Memorial Airport,KBDR,4313
Stratford Station,\N,4314
Witham Field,KSUA,4315
Door County Cherryland Airport,\N,4316
Sylvania Airport,\N,4317
Sturtevant Amtrak Station,\N,4318
Sublette Municipal Airport,K19S,4319
Sugar Land Regional Airport,KSGR,4320
Summit NJT Station,SMMT,4321
The Farm Airport,24SC,4322
Shaw Air Force Base,KSSC,4323
Sunnyvale Station,\N,4324
King Ranch Airport,AK59,4325
Swampscott Railroad Depot,\N,4326
Banks Airport,\N,4327
Merkel Field Sylacauga Municipal Airport,KSCD,4328
Plantation Airpark,KJYL,4329
Syosset Station,\N,4330
Syracuse Hancock International Airport,KSYR,4331
William F. Walsh Regional Transportation Center,SYTC,4332
McChord Air Force Base,KTCM,4333
Tacoma Narrows Airport,KTIW,4334
Amtrak Station,\N,4335
Takotna Airport,\N,4336
Talkeetna Airport,PATK,4337
Talkeetna Train Depot,\N,4338
Talladega Municipal Airport,KASN,4339
Tallahassee Regional Airport,KTLH,4340
Reeves Airport,\N,4341
Tampa International Airport,KTPA,4342
Mac Dill Air Force Base,KMCF,4343
Tampa Executive Airport,\N,4344
Tampa North Aero Park,\N,4345
Tampa Union Station,\N,4346
Peter O Knight Airport,KTPF,4347
Port Tampa Bay,\N,4348
Tanana Airport,\N,4349
Tappahannock Municipal,\N,4350
Rock Airport,\N,4351
Tatalina LRRS Airport,PATL,4352
Tatitlek Airport,\N,4353
Taunton Municipal King Field,KTAN,4354
Teller Airport,PATE,4355
Telluride Regional Airport,KTEX,4356
Draughon Miller Central Texas Regional Airport,KTPL,4357
Tenakee Seaplane Base,\N,4358
Terre Haute International Hulman Field,KHUF,4359
Teterboro Airport,KTEB,4360
Texarkana Regional Webb Field,KTXK,4361
Columbia Gorge Regional the Dalles Municipal Airport,KDLS,4362
Thief River Falls Regional Airport,KTVF,4363
Thomasville Regional Airport,KTVI,4364
Thomson-McDuffie County Airport,KHQU,4365
Thorne Bay Seaplane Base,\N,4366
Henry Tift Myers Airport,KTMA,4367
Tillamook Airport,KTMK,4368
Huggins Memorial,\N,4369
Tin City Long Range Radar Station Airport,PATC,4370
Arthur Dunn Airpark,\N,4371
Space Coast Regional Airport,KTIX,4372
Toccoa Airport - R.G. Letourneau Field,KTOC,4373
Togiak Airport,PATG,4374
Tok Junction Airport,PFTO,4375
Tok Airport,PATJ,4376
Toksook Bay Airport,PAOO,4377
Toledo Express Airport,KTOL,4378
Martin Luther King Jr. Plaza,\N,4379
Bloyer Field,\N,4380
Bloyer Field,KY72,4381
Tonopah Test Range Airport,KTNX,4382
Tonopah,\N,4383
Tonopah Airport,KTPH,4384
Topeka Regional Airport - Forbes Field,KFOE,4385
Philip Billard Municipal Airport,KTOP,4386
Topeka Station,\N,4387
Zamperini Field,KTOA,4388
Cherry Capital Airport,KTVC,4389
Trenton Mercer Airport,KTTN,4390
Trenton Amtrak Station,\N,4391
Trenton-Robbinsville Airport,\N,4392
Trenton Transit Center,TRTC,4393
Tribune,K5K2,4394
Trinidad Station,\N,4395
Portland Troutdale Airport,KTTD,4396
Troy Municipal Airport,KTOI,4397
Truckee Tahoe Airport,KTRK,4398
Truth Or Consequences Municipal Airport,KTCS,4399
Davis Monthan Air Force Base,KDMA,4400
Tucson International Airport,KTUS,4401
Marana Regional Airport,KAVQ,4402
Ryan Field,KRYN,4403
Tucumcari Municipal Airport,KTCC,4404
Tulsa International Airport,KTUL,4405
Richard Lloyd Jones Jr Airport,KRVS,4406
Tuluksak Airport,\N,4407
Tunica Municipal Airport,KUTA,4408
Tuntutuliak Airport,\N,4409
Tununak Airport,\N,4410
Tupelo Regional Airport,KTUP,4411
Tuscaloosa Regional Airport,KTCL,4412
Moton Field Municipal Airport,\N,4413
Twentynine Palms (Self) Airport,KNXP,4414
Joslin Field Magic Valley Regional Airport,KTWF,4415
Twin Hills Airport,\N,4416
Tyler Pounds Regional Airport,KTYR,4417
Tyonek Airport,\N,4418
Tyrone Station,\N,4419
Ukiah Municipal Airport,KUKI,4420
Ulysses Airport,KULS,4421
Unalakleet Airport,PAUN,4422
Unalaska Airport,PADU,4423
Cable Airport,KCCB,4424
Frasca Field,\N,4425
Union Station,\N,4426
Garner Field,KUVA,4427
Benson Airstrip,2XS8,4428
Eagle County Regional Airport,KEGE,4429
Valdez Pioneer Field,PAVD,4430
Ferry Terminal,VLDZ,4431
Moody Air Force Base,KVAD,4432
Valdosta Regional Airport,KVLD,4433
Miller Field,KVTN,4434
Valkaria Municipal,\N,4435
Destin-Ft Walton Beach Airport,KVPS,4436
Porter County Municipal Airport,\N,4437
Porter County Municipal Airport,KVPZ,4438
Van Nuys Airport,KVNY,4439
Van Wert County Airport,KVNW,4440
Vancouver WA Station,\N,4441
Venetie Airport,PAVE,4442
Venice Municipal Airport,KVNC,4443
Ventura Amtrak,\N,4444
Vernal Regional Airport,KVEL,4445
Vero Beach Municipal Airport,KVRB,4446
Victoria Regional Airport,KVCT,4447
Southern California Logistics Airport,KVCV,4448
Villa Park Station,\N,4449
Earl L. Small Jr. Field/Stockmar Airport,20GA,4450
Martha's Vineyard Airport,KMVY,4451
Municipal Airport,\N,4452
Visalia Municipal Airport,KVIS,4453
TSTC Waco Airport,KCNW,4454
Waco Regional Airport,KACT,4455
Wadsworth Municipal,\N,4456
Wheeler Army Airfield,PHHI,4457
Wahoo Municipal Airport,KAHQ,4458
Waikoloa Heliport,HI07,4459
Wainwright Airport,PAWI,4460
Wales Airport,PAIW,4461
Walkersville Train Depot,\N,4462
Walla Walla Regional Airport,KALW,4463
Henderson Field,KACZ,4464
Wallops Flight Facility Airport,KWAL,4465
Warsaw Municipal Airport,KASW,4466
Ronald Reagan Washington National Airport,KDCA,4467
Washington Dulles International Airport,KIAD,4468
Washington Union Station,\N,4469
All Airports,\N,4470
Warren Field,KOCW,4471
Tysons Corner Station,\N,4472
Westerly State Airport,KWST,4473
Greyhound Station,DCBS,4474
Wasilla Airport,PAWS,4475
Central Wisconsin Airport,KCWA,4476
Waterloo Regional Airport,KALO,4477
Waterloo Station,\N,4478
Watertown International Airport,KART,4479
Watertown Regional Airport,KATY,4480
Watsonville Municipal Airport,KWVI,4481
Waukegan Station,\N,4482
Waukesha County Airport,\N,4483
Waupaca Municipal Airport,KPCZ,4484
Wausau Downtown Airport,KAUW,4485
Eagle's Nest Airport,\N,4486
Wellington Municipal Airport,KEGT,4487
Pangborn Memorial Airport,KEAT,4488
Wendover Airport,KENV,4489
Dupage Airport,KDPA,4490
West Chicago Station,\N,4491
Brandywine Airport,KOQN,4492
Francis S Gabreski Airport,KFOK,4493
West Haven Station,\N,4494
Palm Beach County Park Airport,KLNA,4495
Palm Beach International Airport,KPBI,4496
West Palm Beach Station,\N,4497
West Point Village Seaplane Base,\N,4498
Yellowstone Airport,KWYS,4499
Westbury Station,\N,4500
Western Springs Metra Station,\N,4501
Barnes Municipal Airport,KBAF,4502
Westport Amtrak Station,\N,4503
Saugatuck Staiton,\N,4504
Westsound Seaplane Base,\N,4505
Shenandoah Valley Regional Airport,KSHD,4506
College Avenue Station,\N,4507
Wheaton Station,\N,4508
Wheeling Ohio County Airport,KHLG,4509
Whidbey Island Naval Air Station /Ault Field/ Airport,KNUW,4510
White Mountain Airport,PAWM,4511
Westchester County Airport,KHPN,4512
White Plains,WPLN,4513
Condron Army Air Field,KWSD,4514
Whittier Airport,PAWR,4515
Whittier Port,\N,4516
Ferry Terminal,WHIT,4517
Wichita Mid Continent Airport,KICT,4518
Mc Connell Air Force Base,KIAB,4519
Beech Factory Airport,KBEC,4520
Sheppard Air Force Base-Wichita Falls Municipal Airport,KSPS,4521
Wickenburg Municipal Airport,KE25,4522
Cape May County Airport,KWWD,4523
Wilkes Barre Wyoming Valley Airport,KWBW,4524
Martz Trailways Bus Terminal,WKBR,4525
Williamsburg Station,\N,4526
Williamsburg Jamestown Airport,KJGG,4527
Williamson Sodus Airport,KSDC,4528
Williamsport Regional Airport,KIPT,4529
Susquehanna Trailways Terminal,WSPT,4530
Windham Airport,KIJD,4531
Sloulin Field International Airport,KISN,4532
Willoughby Lost Nation Municipal Airport,KLNN,4533
Willow Grove Naval Air Station/Joint Reserve Base,KNXX,4534
Wilmette Station,\N,4535
Wilmington International Airport,KILM,4536
New Castle Airport,KILG,4537
Wilmington Airpark,KILN,4538
Wilmington Amtrak Station,\N,4539
Barrow County Airport,KWDR,4540
Windom Municipal Airport,KMWM,4541
Bradley International Airport,KBDL,4542
Strother Field,KWLD,4543
Winfield Station,\N,4544
Winkler County Airport,KINK,4545
Winnemucca Station,\N,4546
Winnemucca Municipal Airport,KWMC,4547
Indian Hill Station,\N,4548
Winnetka Station,\N,4549
Hubbard Woods Station,\N,4550
Fairfield County Airport,KFDW,4551
Winslow Lindbergh Regional Airport,KINW,4552
Smith Reynolds Airport,KINT,4553
Winter Haven Municipal Airport - Gilbert Field,KGIF,4554
Winter Haven Amtrak Station,\N,4555
Seaplane Base,\N,4556
Methow Valley State Airport,\N,4557
Winthrop Harbor Staiton,\N,4558
Wisconsin Dells Amtrak Station,\N,4559
Alexander Field South Wood County Airport,KISW,4560
Wishram Train Station,\N,4561
Wishram Amtrak Station,\N,4562
L M Clayton Airport,KOLF,4563
Woodmere Station,\N,4564
Woods Hole Railroad Station,\N,4565
Woodside Sta.,\N,4566
West Woodward Airport,KWWR,4567
Worcester Regional Airport,KORH,4568
Worland Municipal Airport,KWRL,4569
Wrangell Airport,PAWG,4570
Wright Aaf (Fort Stewart)/Midcoast Regional Airport,KLHW,4571
Mc Guire Air Force Base,KWRI,4572
Wauchula Municipal Airport,KCHN,4573
Wyandanch Station,\N,4574
Yakataga Airport,PACY,4575
Yakima Air Terminal McAllister Field,KYKM,4576
Yakutat Airport,PAYA,4577
Chan Gurney Municipal Airport,KYKN,4578
Yosemite Nationalpark,YOSE,4579
Youngstown Warren Regional Airport,KYNG,4580
Lansdowne Airport,\N,4581
Youngstown Elser Metro Airport,\N,4582
Youngstown Federal Station,\N,4583
Yuba County Airport,KMYV,4584
Yuma MCAS/Yuma International Airport,KNYL,4585
Zachar Bay Seaplane Base,\N,4586
Zanesville Municipal Airport,KZZV,4587
Zelienople Municipal Airport,KPJC,4588
Zephyrhills Municipal Airport,KZPH,4589
Zion Station,\N,4590
Zion Nationalpark,ZION,4591
Black Rock Airport,KZUN,4592